-- Disable foreign key checks temporarily to avoid errors while truncating
SET FOREIGN_KEY_CHECKS = 0;

-- Clean dependent tables first
TRUNCATE TABLE inventory_logs;
TRUNCATE TABLE inventories;
TRUNCATE TABLE product_specifications;
TRUNCATE TABLE product_images;
TRUNCATE TABLE products;
TRUNCATE TABLE category;

-- Re-enable foreign key checks
SET FOREIGN_KEY_CHECKS = 1;

INSERT INTO `category` (`id`, `created_at`, `description`, `name`, `updated_at`, `parent_id`) VALUES (1, '2025-12-16 17:45:27', 'High-performance graphics processing units for gaming and professional use', 'GPUs', '2025-12-16 17:45:27', NULL);
INSERT INTO `category` (`id`, `created_at`, `description`, `name`, `updated_at`, `parent_id`) VALUES (2, '2025-12-16 17:45:27', 'Specialized hardware for artificial intelligence and machine learning workloads', 'AI Hardware', '2025-12-16 17:45:27', NULL);
INSERT INTO `category` (`id`, `created_at`, `description`, `name`, `updated_at`, `parent_id`) VALUES (3, '2025-12-16 17:45:27', 'Complete computers built on a single circuit board', 'SINGLE BOARD COMPUTERS', '2025-12-16 17:45:27', NULL);
INSERT INTO `category` (`id`, `created_at`, `description`, `name`, `updated_at`, `parent_id`) VALUES (4, '2025-12-16 17:45:27', 'Compact integrated circuits for embedded systems', 'MICROCONTROLLERS', '2025-12-16 17:45:27', NULL);
INSERT INTO `category` (`id`, `created_at`, `description`, `name`, `updated_at`, `parent_id`) VALUES (5, '2025-12-16 17:45:27', 'AI-enabled devices for edge computing and real-time inference', 'EDGE AI COMPUTING', '2025-12-16 17:45:27', NULL);
INSERT INTO `category` (`id`, `created_at`, `description`, `name`, `updated_at`, `parent_id`) VALUES (6, '2025-12-16 17:45:27', 'Hardware and tools for Internet of Things development', 'IOT DEVELOPMENT', '2025-12-16 17:45:27', NULL);

INSERT INTO `products` (`id`, `brand`, `category_id`, `created_at`, `description`, `is_active`, `is_featured`, `model`, `name`, `sku`, `updated_at`, `average_rating`) VALUES (1, 'NVIDIA', 1, '2025-12-16 17:45:27', 'The GeForce RTX 4070 Family delivers exceptional gaming performance with cutting-edge ray tracing and AI-enhanced graphics. Powered by NVIDIA''s advanced architecture, it provides smooth 4K gaming and support for the latest gaming technologies.', 1, 1, 'RTX 4070', 'GeForce RTX 4070 Family', 'NVI-FAMI-001', '2025-12-16 17:45:27', NULL);
INSERT INTO `product_images` (`product_id`, `image_url`, `images_order`) VALUES (1, 'https://images.unsplash.com/photo-1555617981-dac3880eac6e?w=800', 0);
INSERT INTO `product_images` (`product_id`, `image_url`, `images_order`) VALUES (1, 'https://images.unsplash.com/photo-1591488320449-011701bb6704?w=800', 1);
INSERT INTO `product_images` (`product_id`, `image_url`, `images_order`) VALUES (1, 'https://images.unsplash.com/photo-1587202372583-49330a15584d?w=800', 2);
INSERT INTO `product_specifications` (`product_id`, `spec_key`, `spec_value`) VALUES (1, 'Memory', '12GB GDDR6X');
INSERT INTO `product_specifications` (`product_id`, `spec_key`, `spec_value`) VALUES (1, 'CUDA Cores', '3584');
INSERT INTO `product_specifications` (`product_id`, `spec_key`, `spec_value`) VALUES (1, 'Boost Clock', '2.8 GHz');
INSERT INTO `product_specifications` (`product_id`, `spec_key`, `spec_value`) VALUES (1, 'TDP', '285W');
INSERT INTO `product_specifications` (`product_id`, `spec_key`, `spec_value`) VALUES (1, 'Memory Bandwidth', '768 GB/s');
INSERT INTO `inventories` (`id`, `active`, `available_quantity`, `created_at`, `currency`, `price`, `reserved_quantity`, `sold_quantity`, `updated_at`, `product_id`, `max_quantity_per_purchase`) VALUES (1, 1, '60.00', '2025-12-16 17:45:27', 'USD', '549.00', '0.00', '3.00', '2025-12-16 17:45:27', 1, '5.00');

INSERT INTO `products` (`id`, `brand`, `category_id`, `created_at`, `description`, `is_active`, `is_featured`, `model`, `name`, `sku`, `updated_at`, `average_rating`) VALUES (2, 'NVIDIA', 1, '2025-12-16 17:45:27', 'The GeForce RTX 4060 & 4060 Ti delivers exceptional gaming performance with cutting-edge ray tracing and AI-enhanced graphics. Powered by NVIDIA''s advanced architecture, it provides smooth 4K gaming and support for the latest gaming technologies.', 1, 0, 'RTX 4060', 'GeForce RTX 4060 & 4060 Ti', 'NVI-TI-002', '2025-12-16 17:45:27', NULL);
INSERT INTO `product_images` (`product_id`, `image_url`, `images_order`) VALUES (2, 'https://images.unsplash.com/photo-1587202372583-49330a15584d?w=800', 0);
INSERT INTO `product_images` (`product_id`, `image_url`, `images_order`) VALUES (2, 'https://images.unsplash.com/photo-1555617981-dac3880eac6e?w=800', 1);
INSERT INTO `product_specifications` (`product_id`, `spec_key`, `spec_value`) VALUES (2, 'Memory', '12GB GDDR6X');
INSERT INTO `product_specifications` (`product_id`, `spec_key`, `spec_value`) VALUES (2, 'CUDA Cores', '10240');
INSERT INTO `product_specifications` (`product_id`, `spec_key`, `spec_value`) VALUES (2, 'Boost Clock', '2.8 GHz');
INSERT INTO `product_specifications` (`product_id`, `spec_key`, `spec_value`) VALUES (2, 'TDP', '320W');
INSERT INTO `product_specifications` (`product_id`, `spec_key`, `spec_value`) VALUES (2, 'Memory Bandwidth', '616 GB/s');
INSERT INTO `inventories` (`id`, `active`, `available_quantity`, `created_at`, `currency`, `price`, `reserved_quantity`, `sold_quantity`, `updated_at`, `product_id`, `max_quantity_per_purchase`) VALUES (2, 1, '53.00', '2025-12-16 17:45:27', 'USD', '299.00', '0.00', '5.00', '2025-12-16 17:45:27', 2, '5.00');

INSERT INTO `products` (`id`, `brand`, `category_id`, `created_at`, `description`, `is_active`, `is_featured`, `model`, `name`, `sku`, `updated_at`, `average_rating`) VALUES (3, 'NVIDIA', 5, '2025-12-16 17:45:27', 'The Jetson Orin Nano Super Developer Kit brings powerful AI computing to edge devices, enabling real-time inference and autonomous operation. Perfect for robotics, industrial automation, and intelligent edge applications.', 1, 0, 'Kit', 'Jetson Orin Nano Super Developer Kit', 'NVI-KIT-003', '2025-12-16 17:45:27', NULL);
INSERT INTO `product_images` (`product_id`, `image_url`, `images_order`) VALUES (3, 'https://images.unsplash.com/photo-1573164713988-8665fc963095?w=800', 0);
INSERT INTO `product_images` (`product_id`, `image_url`, `images_order`) VALUES (3, 'https://images.unsplash.com/photo-1531297484001-80022131f5a1?w=800', 1);
INSERT INTO `product_specifications` (`product_id`, `spec_key`, `spec_value`) VALUES (3, 'GPU Cores', '2048');
INSERT INTO `product_specifications` (`product_id`, `spec_key`, `spec_value`) VALUES (3, 'CPU', '6-core ARM Cortex-A78AE');
INSERT INTO `product_specifications` (`product_id`, `spec_key`, `spec_value`) VALUES (3, 'Memory', '16GB');
INSERT INTO `product_specifications` (`product_id`, `spec_key`, `spec_value`) VALUES (3, 'AI Performance', '40 TOPS');
INSERT INTO `product_specifications` (`product_id`, `spec_key`, `spec_value`) VALUES (3, 'Power', '7-25W');
INSERT INTO `inventories` (`id`, `active`, `available_quantity`, `created_at`, `currency`, `price`, `reserved_quantity`, `sold_quantity`, `updated_at`, `product_id`, `max_quantity_per_purchase`) VALUES (3, 1, '24.00', '2025-12-16 17:45:27', 'USD', '249.00', '0.00', '3.00', '2025-12-16 17:45:27', 3, '5.00');

INSERT INTO `products` (`id`, `brand`, `category_id`, `created_at`, `description`, `is_active`, `is_featured`, `model`, `name`, `sku`, `updated_at`, `average_rating`) VALUES (4, 'NVIDIA', 2, '2025-12-16 17:45:27', 'The NVIDIA H100 Tensor Core GPU is a state-of-the-art AI accelerator designed for data centers and high-performance computing. With massive parallel processing power and optimized tensor cores, it excels at training large language models and complex AI workloads.', 1, 0, 'GPU', 'NVIDIA H100 Tensor Core GPU', 'NVI-GPU-004', '2025-12-16 17:45:27', NULL);
INSERT INTO `product_images` (`product_id`, `image_url`, `images_order`) VALUES (4, 'https://images.unsplash.com/photo-1597852074816-d933c7d2b988?w=800', 0);
INSERT INTO `product_images` (`product_id`, `image_url`, `images_order`) VALUES (4, 'https://images.unsplash.com/photo-1558494949-ef010cbdcc31?w=800', 1);
INSERT INTO `product_specifications` (`product_id`, `spec_key`, `spec_value`) VALUES (4, 'Architecture', 'CDNA3');
INSERT INTO `product_specifications` (`product_id`, `spec_key`, `spec_value`) VALUES (4, 'Tensor Cores', '512');
INSERT INTO `product_specifications` (`product_id`, `spec_key`, `spec_value`) VALUES (4, 'Memory', '80GB HBM3');
INSERT INTO `product_specifications` (`product_id`, `spec_key`, `spec_value`) VALUES (4, 'Memory Bandwidth', '4TB/s');
INSERT INTO `product_specifications` (`product_id`, `spec_key`, `spec_value`) VALUES (4, 'TDP', '300W');
INSERT INTO `product_specifications` (`product_id`, `spec_key`, `spec_value`) VALUES (4, 'Interconnect', 'Infinity Fabric');
INSERT INTO `inventories` (`id`, `active`, `available_quantity`, `created_at`, `currency`, `price`, `reserved_quantity`, `sold_quantity`, `updated_at`, `product_id`, `max_quantity_per_purchase`) VALUES (4, 1, '4.00', '2025-12-16 17:45:27', 'USD', '34941.00', '0.00', '0.00', '2025-12-16 17:45:27', 4, '1.00');

INSERT INTO `products` (`id`, `brand`, `category_id`, `created_at`, `description`, `is_active`, `is_featured`, `model`, `name`, `sku`, `updated_at`, `average_rating`) VALUES (5, 'NVIDIA', 2, '2025-12-16 17:45:27', 'The NVIDIA H200 Tensor Core GPU is a state-of-the-art AI accelerator designed for data centers and high-performance computing. With massive parallel processing power and optimized tensor cores, it excels at training large language models and complex AI workloads.', 1, 0, 'GPU', 'NVIDIA H200 Tensor Core GPU', 'NVI-GPU-005', '2025-12-16 17:45:27', NULL);
INSERT INTO `product_images` (`product_id`, `image_url`, `images_order`) VALUES (5, 'https://images.unsplash.com/photo-1544197150-b99a580bb7a8?w=800', 0);
INSERT INTO `product_images` (`product_id`, `image_url`, `images_order`) VALUES (5, 'https://images.unsplash.com/photo-1558494949-ef010cbdcc31?w=800', 1);
INSERT INTO `product_specifications` (`product_id`, `spec_key`, `spec_value`) VALUES (5, 'Architecture', 'Ada');
INSERT INTO `product_specifications` (`product_id`, `spec_key`, `spec_value`) VALUES (5, 'Tensor Cores', '512');
INSERT INTO `product_specifications` (`product_id`, `spec_key`, `spec_value`) VALUES (5, 'Memory', '192GB HBM3');
INSERT INTO `product_specifications` (`product_id`, `spec_key`, `spec_value`) VALUES (5, 'Memory Bandwidth', '2TB/s');
INSERT INTO `product_specifications` (`product_id`, `spec_key`, `spec_value`) VALUES (5, 'TDP', '500W');
INSERT INTO `product_specifications` (`product_id`, `spec_key`, `spec_value`) VALUES (5, 'Interconnect', 'PCIe Gen5');
INSERT INTO `inventories` (`id`, `active`, `available_quantity`, `created_at`, `currency`, `price`, `reserved_quantity`, `sold_quantity`, `updated_at`, `product_id`, `max_quantity_per_purchase`) VALUES (5, 1, '2.00', '2025-12-16 17:45:27', 'USD', '41558.00', '0.00', '0.00', '2025-12-16 17:45:27', 5, '1.00');

INSERT INTO `products` (`id`, `brand`, `category_id`, `created_at`, `description`, `is_active`, `is_featured`, `model`, `name`, `sku`, `updated_at`, `average_rating`) VALUES (6, 'NVIDIA', 2, '2025-12-16 17:45:27', 'The NVIDIA B200 Tensor Core GPU is a state-of-the-art AI accelerator designed for data centers and high-performance computing. With massive parallel processing power and optimized tensor cores, it excels at training large language models and complex AI workloads.', 1, 0, 'GPU', 'NVIDIA B200 Tensor Core GPU', 'NVI-GPU-006', '2025-12-16 17:45:27', NULL);
INSERT INTO `product_images` (`product_id`, `image_url`, `images_order`) VALUES (6, 'https://images.unsplash.com/photo-1558494949-ef010cbdcc31?w=800', 0);
INSERT INTO `product_images` (`product_id`, `image_url`, `images_order`) VALUES (6, 'https://images.unsplash.com/photo-1544197150-b99a580bb7a8?w=800', 1);
INSERT INTO `product_images` (`product_id`, `image_url`, `images_order`) VALUES (6, 'https://images.unsplash.com/photo-1597852074816-d933c7d2b988?w=800', 2);
INSERT INTO `product_specifications` (`product_id`, `spec_key`, `spec_value`) VALUES (6, 'Architecture', 'Blackwell');
INSERT INTO `product_specifications` (`product_id`, `spec_key`, `spec_value`) VALUES (6, 'Tensor Cores', '512');
INSERT INTO `product_specifications` (`product_id`, `spec_key`, `spec_value`) VALUES (6, 'Memory', '80GB HBM3');
INSERT INTO `product_specifications` (`product_id`, `spec_key`, `spec_value`) VALUES (6, 'Memory Bandwidth', '3TB/s');
INSERT INTO `product_specifications` (`product_id`, `spec_key`, `spec_value`) VALUES (6, 'TDP', '700W');
INSERT INTO `product_specifications` (`product_id`, `spec_key`, `spec_value`) VALUES (6, 'Interconnect', 'PCIe Gen5');
INSERT INTO `inventories` (`id`, `active`, `available_quantity`, `created_at`, `currency`, `price`, `reserved_quantity`, `sold_quantity`, `updated_at`, `product_id`, `max_quantity_per_purchase`) VALUES (6, 1, '2.00', '2025-12-16 17:45:27', 'USD', '43852.00', '0.00', '0.00', '2025-12-16 17:45:27', 6, '1.00');

INSERT INTO `products` (`id`, `brand`, `category_id`, `created_at`, `description`, `is_active`, `is_featured`, `model`, `name`, `sku`, `updated_at`, `average_rating`) VALUES (7, 'NVIDIA', 2, '2025-12-16 17:45:27', 'The NVIDIA L40S GPU is a state-of-the-art AI accelerator designed for data centers and high-performance computing. With massive parallel processing power and optimized tensor cores, it excels at training large language models and complex AI workloads.', 1, 0, 'GPU', 'NVIDIA L40S GPU', 'NVI-GPU-007', '2025-12-16 17:45:27', NULL);
INSERT INTO `product_images` (`product_id`, `image_url`, `images_order`) VALUES (7, 'https://images.unsplash.com/photo-1544197150-b99a580bb7a8?w=800', 0);
INSERT INTO `product_images` (`product_id`, `image_url`, `images_order`) VALUES (7, 'https://images.unsplash.com/photo-1597852074816-d933c7d2b988?w=800', 1);
INSERT INTO `product_specifications` (`product_id`, `spec_key`, `spec_value`) VALUES (7, 'Architecture', 'CDNA3');
INSERT INTO `product_specifications` (`product_id`, `spec_key`, `spec_value`) VALUES (7, 'Tensor Cores', '832');
INSERT INTO `product_specifications` (`product_id`, `spec_key`, `spec_value`) VALUES (7, 'Memory', '96GB HBM3');
INSERT INTO `product_specifications` (`product_id`, `spec_key`, `spec_value`) VALUES (7, 'Memory Bandwidth', '2TB/s');
INSERT INTO `product_specifications` (`product_id`, `spec_key`, `spec_value`) VALUES (7, 'TDP', '350W');
INSERT INTO `product_specifications` (`product_id`, `spec_key`, `spec_value`) VALUES (7, 'Interconnect', 'NVLink');
INSERT INTO `inventories` (`id`, `active`, `available_quantity`, `created_at`, `currency`, `price`, `reserved_quantity`, `sold_quantity`, `updated_at`, `product_id`, `max_quantity_per_purchase`) VALUES (7, 1, '15.00', '2025-12-16 17:45:27', 'USD', '8344.00', '0.00', '0.00', '2025-12-16 17:45:27', 7, '2.00');

INSERT INTO `products` (`id`, `brand`, `category_id`, `created_at`, `description`, `is_active`, `is_featured`, `model`, `name`, `sku`, `updated_at`, `average_rating`) VALUES (8, 'NVIDIA', 2, '2025-12-16 17:45:27', 'The NVIDIA L4 GPU is a state-of-the-art AI accelerator designed for data centers and high-performance computing. With massive parallel processing power and optimized tensor cores, it excels at training large language models and complex AI workloads.', 1, 0, 'GPU', 'NVIDIA L4 GPU', 'NVI-GPU-008', '2025-12-16 17:45:27', NULL);
INSERT INTO `product_images` (`product_id`, `image_url`, `images_order`) VALUES (8, 'https://images.unsplash.com/photo-1597852074816-d933c7d2b988?w=800', 0);
INSERT INTO `product_images` (`product_id`, `image_url`, `images_order`) VALUES (8, 'https://images.unsplash.com/photo-1558494949-ef010cbdcc31?w=800', 1);
INSERT INTO `product_images` (`product_id`, `image_url`, `images_order`) VALUES (8, 'https://images.unsplash.com/photo-1544197150-b99a580bb7a8?w=800', 2);
INSERT INTO `product_specifications` (`product_id`, `spec_key`, `spec_value`) VALUES (8, 'Architecture', 'Hopper');
INSERT INTO `product_specifications` (`product_id`, `spec_key`, `spec_value`) VALUES (8, 'Tensor Cores', '512');
INSERT INTO `product_specifications` (`product_id`, `spec_key`, `spec_value`) VALUES (8, 'Memory', '40GB HBM2e');
INSERT INTO `product_specifications` (`product_id`, `spec_key`, `spec_value`) VALUES (8, 'Memory Bandwidth', '4TB/s');
INSERT INTO `product_specifications` (`product_id`, `spec_key`, `spec_value`) VALUES (8, 'TDP', '300W');
INSERT INTO `product_specifications` (`product_id`, `spec_key`, `spec_value`) VALUES (8, 'Interconnect', 'PCIe Gen5');
INSERT INTO `inventories` (`id`, `active`, `available_quantity`, `created_at`, `currency`, `price`, `reserved_quantity`, `sold_quantity`, `updated_at`, `product_id`, `max_quantity_per_purchase`) VALUES (8, 1, '7.00', '2025-12-16 17:45:27', 'USD', '10892.00', '0.00', '1.00', '2025-12-16 17:45:27', 8, '2.00');

INSERT INTO `products` (`id`, `brand`, `category_id`, `created_at`, `description`, `is_active`, `is_featured`, `model`, `name`, `sku`, `updated_at`, `average_rating`) VALUES (9, 'NVIDIA', 2, '2025-12-16 17:45:27', 'The NVIDIA A100 Tensor Core GPU is a state-of-the-art AI accelerator designed for data centers and high-performance computing. With massive parallel processing power and optimized tensor cores, it excels at training large language models and complex AI workloads.', 1, 0, 'GPU', 'NVIDIA A100 Tensor Core GPU', 'NVI-GPU-009', '2025-12-16 17:45:27', NULL);
INSERT INTO `product_images` (`product_id`, `image_url`, `images_order`) VALUES (9, 'https://images.unsplash.com/photo-1544197150-b99a580bb7a8?w=800', 0);
INSERT INTO `product_images` (`product_id`, `image_url`, `images_order`) VALUES (9, 'https://images.unsplash.com/photo-1597852074816-d933c7d2b988?w=800', 1);
INSERT INTO `product_specifications` (`product_id`, `spec_key`, `spec_value`) VALUES (9, 'Architecture', 'Hopper');
INSERT INTO `product_specifications` (`product_id`, `spec_key`, `spec_value`) VALUES (9, 'Tensor Cores', '512');
INSERT INTO `product_specifications` (`product_id`, `spec_key`, `spec_value`) VALUES (9, 'Memory', '80GB HBM3');
INSERT INTO `product_specifications` (`product_id`, `spec_key`, `spec_value`) VALUES (9, 'Memory Bandwidth', '2TB/s');
INSERT INTO `product_specifications` (`product_id`, `spec_key`, `spec_value`) VALUES (9, 'TDP', '300W');
INSERT INTO `product_specifications` (`product_id`, `spec_key`, `spec_value`) VALUES (9, 'Interconnect', 'NVLink');
INSERT INTO `inventories` (`id`, `active`, `available_quantity`, `created_at`, `currency`, `price`, `reserved_quantity`, `sold_quantity`, `updated_at`, `product_id`, `max_quantity_per_purchase`) VALUES (9, 1, '4.00', '2025-12-16 17:45:27', 'USD', '18429.00', '0.00', '0.00', '2025-12-16 17:45:27', 9, '2.00');

INSERT INTO `products` (`id`, `brand`, `category_id`, `created_at`, `description`, `is_active`, `is_featured`, `model`, `name`, `sku`, `updated_at`, `average_rating`) VALUES (10, 'NVIDIA', 2, '2025-12-16 17:45:27', 'The NVIDIA A30 GPU is a state-of-the-art AI accelerator designed for data centers and high-performance computing. With massive parallel processing power and optimized tensor cores, it excels at training large language models and complex AI workloads.', 1, 0, 'GPU', 'NVIDIA A30 GPU', 'NVI-GPU-010', '2025-12-16 17:45:27', NULL);
INSERT INTO `product_images` (`product_id`, `image_url`, `images_order`) VALUES (10, 'https://images.unsplash.com/photo-1558494949-ef010cbdcc31?w=800', 0);
INSERT INTO `product_images` (`product_id`, `image_url`, `images_order`) VALUES (10, 'https://images.unsplash.com/photo-1544197150-b99a580bb7a8?w=800', 1);
INSERT INTO `product_specifications` (`product_id`, `spec_key`, `spec_value`) VALUES (10, 'Architecture', 'Ada');
INSERT INTO `product_specifications` (`product_id`, `spec_key`, `spec_value`) VALUES (10, 'Tensor Cores', '640');
INSERT INTO `product_specifications` (`product_id`, `spec_key`, `spec_value`) VALUES (10, 'Memory', '96GB HBM3');
INSERT INTO `product_specifications` (`product_id`, `spec_key`, `spec_value`) VALUES (10, 'Memory Bandwidth', '4TB/s');
INSERT INTO `product_specifications` (`product_id`, `spec_key`, `spec_value`) VALUES (10, 'TDP', '350W');
INSERT INTO `product_specifications` (`product_id`, `spec_key`, `spec_value`) VALUES (10, 'Interconnect', 'NVLink');
INSERT INTO `inventories` (`id`, `active`, `available_quantity`, `created_at`, `currency`, `price`, `reserved_quantity`, `sold_quantity`, `updated_at`, `product_id`, `max_quantity_per_purchase`) VALUES (10, 1, '13.00', '2025-12-16 17:45:27', 'USD', '7611.00', '0.00', '1.00', '2025-12-16 17:45:27', 10, '2.00');

INSERT INTO `products` (`id`, `brand`, `category_id`, `created_at`, `description`, `is_active`, `is_featured`, `model`, `name`, `sku`, `updated_at`, `average_rating`) VALUES (11, 'NVIDIA', 2, '2025-12-16 17:45:27', 'The NVIDIA A10 GPU is a state-of-the-art AI accelerator designed for data centers and high-performance computing. With massive parallel processing power and optimized tensor cores, it excels at training large language models and complex AI workloads.', 1, 0, 'GPU', 'NVIDIA A10 GPU', 'NVI-GPU-011', '2025-12-16 17:45:27', NULL);
INSERT INTO `product_images` (`product_id`, `image_url`, `images_order`) VALUES (11, 'https://images.unsplash.com/photo-1544197150-b99a580bb7a8?w=800', 0);
INSERT INTO `product_images` (`product_id`, `image_url`, `images_order`) VALUES (11, 'https://images.unsplash.com/photo-1597852074816-d933c7d2b988?w=800', 1);
INSERT INTO `product_specifications` (`product_id`, `spec_key`, `spec_value`) VALUES (11, 'Architecture', 'Blackwell');
INSERT INTO `product_specifications` (`product_id`, `spec_key`, `spec_value`) VALUES (11, 'Tensor Cores', '1024');
INSERT INTO `product_specifications` (`product_id`, `spec_key`, `spec_value`) VALUES (11, 'Memory', '96GB HBM3');
INSERT INTO `product_specifications` (`product_id`, `spec_key`, `spec_value`) VALUES (11, 'Memory Bandwidth', '5.3TB/s');
INSERT INTO `product_specifications` (`product_id`, `spec_key`, `spec_value`) VALUES (11, 'TDP', '350W');
INSERT INTO `product_specifications` (`product_id`, `spec_key`, `spec_value`) VALUES (11, 'Interconnect', 'NVLink');
INSERT INTO `inventories` (`id`, `active`, `available_quantity`, `created_at`, `currency`, `price`, `reserved_quantity`, `sold_quantity`, `updated_at`, `product_id`, `max_quantity_per_purchase`) VALUES (11, 1, '6.00', '2025-12-16 17:45:27', 'USD', '7184.00', '0.00', '0.00', '2025-12-16 17:45:27', 11, '2.00');

INSERT INTO `products` (`id`, `brand`, `category_id`, `created_at`, `description`, `is_active`, `is_featured`, `model`, `name`, `sku`, `updated_at`, `average_rating`) VALUES (12, 'NVIDIA', 2, '2025-12-16 17:45:27', 'The NVIDIA T4 Tensor Core GPU is a state-of-the-art AI accelerator designed for data centers and high-performance computing. With massive parallel processing power and optimized tensor cores, it excels at training large language models and complex AI workloads.', 1, 0, 'GPU', 'NVIDIA T4 Tensor Core GPU', 'NVI-GPU-012', '2025-12-16 17:45:27', NULL);
INSERT INTO `product_images` (`product_id`, `image_url`, `images_order`) VALUES (12, 'https://images.unsplash.com/photo-1544197150-b99a580bb7a8?w=800', 0);
INSERT INTO `product_images` (`product_id`, `image_url`, `images_order`) VALUES (12, 'https://images.unsplash.com/photo-1558494949-ef010cbdcc31?w=800', 1);
INSERT INTO `product_images` (`product_id`, `image_url`, `images_order`) VALUES (12, 'https://images.unsplash.com/photo-1597852074816-d933c7d2b988?w=800', 2);
INSERT INTO `product_specifications` (`product_id`, `spec_key`, `spec_value`) VALUES (12, 'Architecture', 'Ampere');
INSERT INTO `product_specifications` (`product_id`, `spec_key`, `spec_value`) VALUES (12, 'Tensor Cores', '512');
INSERT INTO `product_specifications` (`product_id`, `spec_key`, `spec_value`) VALUES (12, 'Memory', '192GB HBM3');
INSERT INTO `product_specifications` (`product_id`, `spec_key`, `spec_value`) VALUES (12, 'Memory Bandwidth', '3TB/s');
INSERT INTO `product_specifications` (`product_id`, `spec_key`, `spec_value`) VALUES (12, 'TDP', '500W');
INSERT INTO `product_specifications` (`product_id`, `spec_key`, `spec_value`) VALUES (12, 'Interconnect', 'Infinity Fabric');
INSERT INTO `inventories` (`id`, `active`, `available_quantity`, `created_at`, `currency`, `price`, `reserved_quantity`, `sold_quantity`, `updated_at`, `product_id`, `max_quantity_per_purchase`) VALUES (12, 1, '14.00', '2025-12-16 17:45:27', 'USD', '4285.00', '0.00', '0.00', '2025-12-16 17:45:27', 12, '3.00');

INSERT INTO `products` (`id`, `brand`, `category_id`, `created_at`, `description`, `is_active`, `is_featured`, `model`, `name`, `sku`, `updated_at`, `average_rating`) VALUES (13, 'NVIDIA', 2, '2025-12-16 17:45:27', 'The NVIDIA A2 GPU is a state-of-the-art AI accelerator designed for data centers and high-performance computing. With massive parallel processing power and optimized tensor cores, it excels at training large language models and complex AI workloads.', 1, 0, 'GPU', 'NVIDIA A2 GPU', 'NVI-GPU-013', '2025-12-16 17:45:27', NULL);
INSERT INTO `product_images` (`product_id`, `image_url`, `images_order`) VALUES (13, 'https://images.unsplash.com/photo-1597852074816-d933c7d2b988?w=800', 0);
INSERT INTO `product_images` (`product_id`, `image_url`, `images_order`) VALUES (13, 'https://images.unsplash.com/photo-1544197150-b99a580bb7a8?w=800', 1);
INSERT INTO `product_specifications` (`product_id`, `spec_key`, `spec_value`) VALUES (13, 'Architecture', 'Ampere');
INSERT INTO `product_specifications` (`product_id`, `spec_key`, `spec_value`) VALUES (13, 'Tensor Cores', '1024');
INSERT INTO `product_specifications` (`product_id`, `spec_key`, `spec_value`) VALUES (13, 'Memory', '40GB HBM2e');
INSERT INTO `product_specifications` (`product_id`, `spec_key`, `spec_value`) VALUES (13, 'Memory Bandwidth', '5.3TB/s');
INSERT INTO `product_specifications` (`product_id`, `spec_key`, `spec_value`) VALUES (13, 'TDP', '500W');
INSERT INTO `product_specifications` (`product_id`, `spec_key`, `spec_value`) VALUES (13, 'Interconnect', 'PCIe Gen5');
INSERT INTO `inventories` (`id`, `active`, `available_quantity`, `created_at`, `currency`, `price`, `reserved_quantity`, `sold_quantity`, `updated_at`, `product_id`, `max_quantity_per_purchase`) VALUES (13, 1, '12.00', '2025-12-16 17:45:27', 'USD', '3187.00', '0.00', '1.00', '2025-12-16 17:45:27', 13, '3.00');

INSERT INTO `products` (`id`, `brand`, `category_id`, `created_at`, `description`, `is_active`, `is_featured`, `model`, `name`, `sku`, `updated_at`, `average_rating`) VALUES (14, 'NVIDIA', 2, '2025-12-16 17:45:27', 'The NVIDIA Grace Hopper (GH200) Superchip is a state-of-the-art AI accelerator designed for data centers and high-performance computing. With massive parallel processing power and optimized tensor cores, it excels at training large language models and complex AI workloads.', 1, 0, 'Superchip', 'NVIDIA Grace Hopper (GH200) Superchip', 'NVI-SUPE-014', '2025-12-16 17:45:27', NULL);
INSERT INTO `product_images` (`product_id`, `image_url`, `images_order`) VALUES (14, 'https://images.unsplash.com/photo-1558494949-ef010cbdcc31?w=800', 0);
INSERT INTO `product_images` (`product_id`, `image_url`, `images_order`) VALUES (14, 'https://images.unsplash.com/photo-1597852074816-d933c7d2b988?w=800', 1);
INSERT INTO `product_specifications` (`product_id`, `spec_key`, `spec_value`) VALUES (14, 'Architecture', 'Ada');
INSERT INTO `product_specifications` (`product_id`, `spec_key`, `spec_value`) VALUES (14, 'Tensor Cores', '512');
INSERT INTO `product_specifications` (`product_id`, `spec_key`, `spec_value`) VALUES (14, 'Memory', '192GB HBM3');
INSERT INTO `product_specifications` (`product_id`, `spec_key`, `spec_value`) VALUES (14, 'Memory Bandwidth', '4TB/s');
INSERT INTO `product_specifications` (`product_id`, `spec_key`, `spec_value`) VALUES (14, 'TDP', '700W');
INSERT INTO `product_specifications` (`product_id`, `spec_key`, `spec_value`) VALUES (14, 'Interconnect', 'PCIe Gen5');
INSERT INTO `inventories` (`id`, `active`, `available_quantity`, `created_at`, `currency`, `price`, `reserved_quantity`, `sold_quantity`, `updated_at`, `product_id`, `max_quantity_per_purchase`) VALUES (14, 1, '8.00', '2025-12-16 17:45:27', 'USD', '38878.00', '0.00', '0.00', '2025-12-16 17:45:27', 14, '1.00');

INSERT INTO `products` (`id`, `brand`, `category_id`, `created_at`, `description`, `is_active`, `is_featured`, `model`, `name`, `sku`, `updated_at`, `average_rating`) VALUES (15, 'NVIDIA', 2, '2025-12-16 17:45:27', 'The NVIDIA Grace CPU Superchip is a state-of-the-art AI accelerator designed for data centers and high-performance computing. With massive parallel processing power and optimized tensor cores, it excels at training large language models and complex AI workloads.', 1, 0, 'Superchip', 'NVIDIA Grace CPU Superchip', 'NVI-SUPE-015', '2025-12-16 17:45:27', NULL);
INSERT INTO `product_images` (`product_id`, `image_url`, `images_order`) VALUES (15, 'https://images.unsplash.com/photo-1558494949-ef010cbdcc31?w=800', 0);
INSERT INTO `product_images` (`product_id`, `image_url`, `images_order`) VALUES (15, 'https://images.unsplash.com/photo-1597852074816-d933c7d2b988?w=800', 1);
INSERT INTO `product_images` (`product_id`, `image_url`, `images_order`) VALUES (15, 'https://images.unsplash.com/photo-1544197150-b99a580bb7a8?w=800', 2);
INSERT INTO `product_specifications` (`product_id`, `spec_key`, `spec_value`) VALUES (15, 'Architecture', 'Hopper');
INSERT INTO `product_specifications` (`product_id`, `spec_key`, `spec_value`) VALUES (15, 'Tensor Cores', '832');
INSERT INTO `product_specifications` (`product_id`, `spec_key`, `spec_value`) VALUES (15, 'Memory', '192GB HBM3');
INSERT INTO `product_specifications` (`product_id`, `spec_key`, `spec_value`) VALUES (15, 'Memory Bandwidth', '4TB/s');
INSERT INTO `product_specifications` (`product_id`, `spec_key`, `spec_value`) VALUES (15, 'TDP', '700W');
INSERT INTO `product_specifications` (`product_id`, `spec_key`, `spec_value`) VALUES (15, 'Interconnect', 'NVLink');
INSERT INTO `inventories` (`id`, `active`, `available_quantity`, `created_at`, `currency`, `price`, `reserved_quantity`, `sold_quantity`, `updated_at`, `product_id`, `max_quantity_per_purchase`) VALUES (15, 1, '6.00', '2025-12-16 17:45:27', 'USD', '89406.00', '0.00', '0.00', '2025-12-16 17:45:27', 15, '1.00');

INSERT INTO `products` (`id`, `brand`, `category_id`, `created_at`, `description`, `is_active`, `is_featured`, `model`, `name`, `sku`, `updated_at`, `average_rating`) VALUES (16, 'NVIDIA', 2, '2025-12-16 17:45:27', 'The NVIDIA BlueField-3 DPU is a state-of-the-art AI accelerator designed for data centers and high-performance computing. With massive parallel processing power and optimized tensor cores, it excels at training large language models and complex AI workloads.', 1, 0, 'DPU', 'NVIDIA BlueField-3 DPU', 'NVI-DPU-016', '2025-12-16 17:45:27', NULL);
INSERT INTO `product_images` (`product_id`, `image_url`, `images_order`) VALUES (16, 'https://images.unsplash.com/photo-1558494949-ef010cbdcc31?w=800', 0);
INSERT INTO `product_images` (`product_id`, `image_url`, `images_order`) VALUES (16, 'https://images.unsplash.com/photo-1597852074816-d933c7d2b988?w=800', 1);
INSERT INTO `product_specifications` (`product_id`, `spec_key`, `spec_value`) VALUES (16, 'Architecture', 'Ampere');
INSERT INTO `product_specifications` (`product_id`, `spec_key`, `spec_value`) VALUES (16, 'Tensor Cores', '640');
INSERT INTO `product_specifications` (`product_id`, `spec_key`, `spec_value`) VALUES (16, 'Memory', '96GB HBM3');
INSERT INTO `product_specifications` (`product_id`, `spec_key`, `spec_value`) VALUES (16, 'Memory Bandwidth', '3TB/s');
INSERT INTO `product_specifications` (`product_id`, `spec_key`, `spec_value`) VALUES (16, 'TDP', '400W');
INSERT INTO `product_specifications` (`product_id`, `spec_key`, `spec_value`) VALUES (16, 'Interconnect', 'NVLink');
INSERT INTO `inventories` (`id`, `active`, `available_quantity`, `created_at`, `currency`, `price`, `reserved_quantity`, `sold_quantity`, `updated_at`, `product_id`, `max_quantity_per_purchase`) VALUES (16, 1, '13.00', '2025-12-16 17:45:27', 'USD', '1638.00', '0.00', '0.00', '2025-12-16 17:45:27', 16, '3.00');

INSERT INTO `products` (`id`, `brand`, `category_id`, `created_at`, `description`, `is_active`, `is_featured`, `model`, `name`, `sku`, `updated_at`, `average_rating`) VALUES (17, 'NVIDIA', 2, '2025-12-16 17:45:27', 'The NVIDIA DGX H100 System is a state-of-the-art AI accelerator designed for data centers and high-performance computing. With massive parallel processing power and optimized tensor cores, it excels at training large language models and complex AI workloads.', 1, 0, 'System', 'NVIDIA DGX H100 System', 'NVI-SYST-017', '2025-12-16 17:45:27', NULL);
INSERT INTO `product_images` (`product_id`, `image_url`, `images_order`) VALUES (17, 'https://images.unsplash.com/photo-1558494949-ef010cbdcc31?w=800', 0);
INSERT INTO `product_images` (`product_id`, `image_url`, `images_order`) VALUES (17, 'https://images.unsplash.com/photo-1544197150-b99a580bb7a8?w=800', 1);
INSERT INTO `product_images` (`product_id`, `image_url`, `images_order`) VALUES (17, 'https://images.unsplash.com/photo-1597852074816-d933c7d2b988?w=800', 2);
INSERT INTO `product_specifications` (`product_id`, `spec_key`, `spec_value`) VALUES (17, 'Architecture', 'Hopper');
INSERT INTO `product_specifications` (`product_id`, `spec_key`, `spec_value`) VALUES (17, 'Tensor Cores', '832');
INSERT INTO `product_specifications` (`product_id`, `spec_key`, `spec_value`) VALUES (17, 'Memory', '96GB HBM3');
INSERT INTO `product_specifications` (`product_id`, `spec_key`, `spec_value`) VALUES (17, 'Memory Bandwidth', '4TB/s');
INSERT INTO `product_specifications` (`product_id`, `spec_key`, `spec_value`) VALUES (17, 'TDP', '350W');
INSERT INTO `product_specifications` (`product_id`, `spec_key`, `spec_value`) VALUES (17, 'Interconnect', 'NVLink');
INSERT INTO `inventories` (`id`, `active`, `available_quantity`, `created_at`, `currency`, `price`, `reserved_quantity`, `sold_quantity`, `updated_at`, `product_id`, `max_quantity_per_purchase`) VALUES (17, 1, '2.00', '2025-12-16 17:45:27', 'USD', '30922.00', '0.00', '0.00', '2025-12-16 17:45:27', 17, '1.00');

INSERT INTO `products` (`id`, `brand`, `category_id`, `created_at`, `description`, `is_active`, `is_featured`, `model`, `name`, `sku`, `updated_at`, `average_rating`) VALUES (18, 'NVIDIA', 2, '2025-12-16 17:45:27', 'The NVIDIA DGX B200 System is a state-of-the-art AI accelerator designed for data centers and high-performance computing. With massive parallel processing power and optimized tensor cores, it excels at training large language models and complex AI workloads.', 1, 0, 'System', 'NVIDIA DGX B200 System', 'NVI-SYST-018', '2025-12-16 17:45:27', NULL);
INSERT INTO `product_images` (`product_id`, `image_url`, `images_order`) VALUES (18, 'https://images.unsplash.com/photo-1597852074816-d933c7d2b988?w=800', 0);
INSERT INTO `product_images` (`product_id`, `image_url`, `images_order`) VALUES (18, 'https://images.unsplash.com/photo-1544197150-b99a580bb7a8?w=800', 1);
INSERT INTO `product_specifications` (`product_id`, `spec_key`, `spec_value`) VALUES (18, 'Architecture', 'Hopper');
INSERT INTO `product_specifications` (`product_id`, `spec_key`, `spec_value`) VALUES (18, 'Tensor Cores', '640');
INSERT INTO `product_specifications` (`product_id`, `spec_key`, `spec_value`) VALUES (18, 'Memory', '40GB HBM2e');
INSERT INTO `product_specifications` (`product_id`, `spec_key`, `spec_value`) VALUES (18, 'Memory Bandwidth', '2TB/s');
INSERT INTO `product_specifications` (`product_id`, `spec_key`, `spec_value`) VALUES (18, 'TDP', '500W');
INSERT INTO `product_specifications` (`product_id`, `spec_key`, `spec_value`) VALUES (18, 'Interconnect', 'NVLink');
INSERT INTO `inventories` (`id`, `active`, `available_quantity`, `created_at`, `currency`, `price`, `reserved_quantity`, `sold_quantity`, `updated_at`, `product_id`, `max_quantity_per_purchase`) VALUES (18, 1, '5.00', '2025-12-16 17:45:27', 'USD', '49384.00', '0.00', '0.00', '2025-12-16 17:45:27', 18, '1.00');

INSERT INTO `products` (`id`, `brand`, `category_id`, `created_at`, `description`, `is_active`, `is_featured`, `model`, `name`, `sku`, `updated_at`, `average_rating`) VALUES (19, 'NVIDIA', 2, '2025-12-16 17:45:27', 'The NVIDIA HGX H100 Platform is a state-of-the-art AI accelerator designed for data centers and high-performance computing. With massive parallel processing power and optimized tensor cores, it excels at training large language models and complex AI workloads.', 1, 0, 'Platform', 'NVIDIA HGX H100 Platform', 'NVI-PLAT-019', '2025-12-16 17:45:27', NULL);
INSERT INTO `product_images` (`product_id`, `image_url`, `images_order`) VALUES (19, 'https://images.unsplash.com/photo-1544197150-b99a580bb7a8?w=800', 0);
INSERT INTO `product_images` (`product_id`, `image_url`, `images_order`) VALUES (19, 'https://images.unsplash.com/photo-1597852074816-d933c7d2b988?w=800', 1);
INSERT INTO `product_images` (`product_id`, `image_url`, `images_order`) VALUES (19, 'https://images.unsplash.com/photo-1558494949-ef010cbdcc31?w=800', 2);
INSERT INTO `product_specifications` (`product_id`, `spec_key`, `spec_value`) VALUES (19, 'Architecture', 'Hopper');
INSERT INTO `product_specifications` (`product_id`, `spec_key`, `spec_value`) VALUES (19, 'Tensor Cores', '640');
INSERT INTO `product_specifications` (`product_id`, `spec_key`, `spec_value`) VALUES (19, 'Memory', '192GB HBM3');
INSERT INTO `product_specifications` (`product_id`, `spec_key`, `spec_value`) VALUES (19, 'Memory Bandwidth', '2TB/s');
INSERT INTO `product_specifications` (`product_id`, `spec_key`, `spec_value`) VALUES (19, 'TDP', '400W');
INSERT INTO `product_specifications` (`product_id`, `spec_key`, `spec_value`) VALUES (19, 'Interconnect', 'NVLink');
INSERT INTO `inventories` (`id`, `active`, `available_quantity`, `created_at`, `currency`, `price`, `reserved_quantity`, `sold_quantity`, `updated_at`, `product_id`, `max_quantity_per_purchase`) VALUES (19, 1, '7.00', '2025-12-16 17:45:27', 'USD', '26161.00', '0.00', '1.00', '2025-12-16 17:45:27', 19, '1.00');

INSERT INTO `products` (`id`, `brand`, `category_id`, `created_at`, `description`, `is_active`, `is_featured`, `model`, `name`, `sku`, `updated_at`, `average_rating`) VALUES (20, 'NVIDIA', 1, '2025-12-16 17:45:27', 'The NVIDIA RTX 6000 Ada Generation from NVIDIA is a high-quality workstation gpu solution designed for professional use. It combines performance, reliability, and advanced features to meet demanding requirements.', 1, 0, 'RTX 6000', 'NVIDIA RTX 6000 Ada Generation', 'NVI-GENE-020', '2025-12-16 17:45:27', NULL);
INSERT INTO `product_images` (`product_id`, `image_url`, `images_order`) VALUES (20, 'https://images.unsplash.com/photo-1555617981-dac3880eac6e?w=800', 0);
INSERT INTO `product_images` (`product_id`, `image_url`, `images_order`) VALUES (20, 'https://images.unsplash.com/photo-1591488320449-011701bb6704?w=800', 1);
INSERT INTO `product_images` (`product_id`, `image_url`, `images_order`) VALUES (20, 'https://images.unsplash.com/photo-1587202372583-49330a15584d?w=800', 2);
INSERT INTO `product_specifications` (`product_id`, `spec_key`, `spec_value`) VALUES (20, 'Memory', '48GB GDDR6');
INSERT INTO `product_specifications` (`product_id`, `spec_key`, `spec_value`) VALUES (20, 'CUDA Cores', '10752');
INSERT INTO `product_specifications` (`product_id`, `spec_key`, `spec_value`) VALUES (20, 'Tensor Cores', '568');
INSERT INTO `product_specifications` (`product_id`, `spec_key`, `spec_value`) VALUES (20, 'TDP', '350W');
INSERT INTO `product_specifications` (`product_id`, `spec_key`, `spec_value`) VALUES (20, 'Display Outputs', '4x DisplayPort 1.4a');
INSERT INTO `inventories` (`id`, `active`, `available_quantity`, `created_at`, `currency`, `price`, `reserved_quantity`, `sold_quantity`, `updated_at`, `product_id`, `max_quantity_per_purchase`) VALUES (20, 1, '5.00', '2025-12-16 17:45:27', 'USD', '7032.00', '0.00', '0.00', '2025-12-16 17:45:27', 20, '2.00');

INSERT INTO `products` (`id`, `brand`, `category_id`, `created_at`, `description`, `is_active`, `is_featured`, `model`, `name`, `sku`, `updated_at`, `average_rating`) VALUES (21, 'NVIDIA', 1, '2025-12-16 17:45:27', 'The NVIDIA RTX A5500 from NVIDIA is a high-quality workstation gpu solution designed for professional use. It combines performance, reliability, and advanced features to meet demanding requirements.', 1, 0, 'RTX A5500', 'NVIDIA RTX A5500', 'NVI-A550-021', '2025-12-16 17:45:27', NULL);
INSERT INTO `product_images` (`product_id`, `image_url`, `images_order`) VALUES (21, 'https://images.unsplash.com/photo-1587202372583-49330a15584d?w=800', 0);
INSERT INTO `product_images` (`product_id`, `image_url`, `images_order`) VALUES (21, 'https://images.unsplash.com/photo-1555617981-dac3880eac6e?w=800', 1);
INSERT INTO `product_specifications` (`product_id`, `spec_key`, `spec_value`) VALUES (21, 'Memory', '24GB GDDR6');
INSERT INTO `product_specifications` (`product_id`, `spec_key`, `spec_value`) VALUES (21, 'CUDA Cores', '10752');
INSERT INTO `product_specifications` (`product_id`, `spec_key`, `spec_value`) VALUES (21, 'Tensor Cores', '336');
INSERT INTO `product_specifications` (`product_id`, `spec_key`, `spec_value`) VALUES (21, 'TDP', '300W');
INSERT INTO `product_specifications` (`product_id`, `spec_key`, `spec_value`) VALUES (21, 'Display Outputs', '4x DisplayPort 1.4a');
INSERT INTO `inventories` (`id`, `active`, `available_quantity`, `created_at`, `currency`, `price`, `reserved_quantity`, `sold_quantity`, `updated_at`, `product_id`, `max_quantity_per_purchase`) VALUES (21, 1, '13.00', '2025-12-16 17:45:27', 'USD', '4135.00', '0.00', '0.00', '2025-12-16 17:45:27', 21, '3.00');

INSERT INTO `products` (`id`, `brand`, `category_id`, `created_at`, `description`, `is_active`, `is_featured`, `model`, `name`, `sku`, `updated_at`, `average_rating`) VALUES (22, 'NVIDIA', 1, '2025-12-16 17:45:27', 'The NVIDIA RTX A4500 from NVIDIA is a high-quality workstation gpu solution designed for professional use. It combines performance, reliability, and advanced features to meet demanding requirements.', 1, 0, 'RTX A4500', 'NVIDIA RTX A4500', 'NVI-A450-022', '2025-12-16 17:45:27', NULL);
INSERT INTO `product_images` (`product_id`, `image_url`, `images_order`) VALUES (22, 'https://images.unsplash.com/photo-1587202372583-49330a15584d?w=800', 0);
INSERT INTO `product_images` (`product_id`, `image_url`, `images_order`) VALUES (22, 'https://images.unsplash.com/photo-1555617981-dac3880eac6e?w=800', 1);
INSERT INTO `product_images` (`product_id`, `image_url`, `images_order`) VALUES (22, 'https://images.unsplash.com/photo-1591488320449-011701bb6704?w=800', 2);
INSERT INTO `product_specifications` (`product_id`, `spec_key`, `spec_value`) VALUES (22, 'Memory', '48GB GDDR6');
INSERT INTO `product_specifications` (`product_id`, `spec_key`, `spec_value`) VALUES (22, 'CUDA Cores', '18176');
INSERT INTO `product_specifications` (`product_id`, `spec_key`, `spec_value`) VALUES (22, 'Tensor Cores', '568');
INSERT INTO `product_specifications` (`product_id`, `spec_key`, `spec_value`) VALUES (22, 'TDP', '300W');
INSERT INTO `product_specifications` (`product_id`, `spec_key`, `spec_value`) VALUES (22, 'Display Outputs', '4x DisplayPort 1.4a');
INSERT INTO `inventories` (`id`, `active`, `available_quantity`, `created_at`, `currency`, `price`, `reserved_quantity`, `sold_quantity`, `updated_at`, `product_id`, `max_quantity_per_purchase`) VALUES (22, 1, '13.00', '2025-12-16 17:45:27', 'USD', '2649.00', '0.00', '1.00', '2025-12-16 17:45:27', 22, '3.00');

INSERT INTO `products` (`id`, `brand`, `category_id`, `created_at`, `description`, `is_active`, `is_featured`, `model`, `name`, `sku`, `updated_at`, `average_rating`) VALUES (23, 'NVIDIA', 1, '2025-12-16 17:45:27', 'The NVIDIA RTX A4000 from NVIDIA is a high-quality workstation gpu solution designed for professional use. It combines performance, reliability, and advanced features to meet demanding requirements.', 1, 0, 'RTX A4000', 'NVIDIA RTX A4000', 'NVI-A400-023', '2025-12-16 17:45:27', NULL);
INSERT INTO `product_images` (`product_id`, `image_url`, `images_order`) VALUES (23, 'https://images.unsplash.com/photo-1587202372583-49330a15584d?w=800', 0);
INSERT INTO `product_images` (`product_id`, `image_url`, `images_order`) VALUES (23, 'https://images.unsplash.com/photo-1591488320449-011701bb6704?w=800', 1);
INSERT INTO `product_images` (`product_id`, `image_url`, `images_order`) VALUES (23, 'https://images.unsplash.com/photo-1555617981-dac3880eac6e?w=800', 2);
INSERT INTO `product_specifications` (`product_id`, `spec_key`, `spec_value`) VALUES (23, 'Memory', '48GB GDDR6');
INSERT INTO `product_specifications` (`product_id`, `spec_key`, `spec_value`) VALUES (23, 'CUDA Cores', '10752');
INSERT INTO `product_specifications` (`product_id`, `spec_key`, `spec_value`) VALUES (23, 'Tensor Cores', '568');
INSERT INTO `product_specifications` (`product_id`, `spec_key`, `spec_value`) VALUES (23, 'TDP', '350W');
INSERT INTO `product_specifications` (`product_id`, `spec_key`, `spec_value`) VALUES (23, 'Display Outputs', '4x DisplayPort 1.4a');
INSERT INTO `inventories` (`id`, `active`, `available_quantity`, `created_at`, `currency`, `price`, `reserved_quantity`, `sold_quantity`, `updated_at`, `product_id`, `max_quantity_per_purchase`) VALUES (23, 1, '13.00', '2025-12-16 17:45:27', 'USD', '1906.00', '0.00', '1.00', '2025-12-16 17:45:27', 23, '3.00');

INSERT INTO `products` (`id`, `brand`, `category_id`, `created_at`, `description`, `is_active`, `is_featured`, `model`, `name`, `sku`, `updated_at`, `average_rating`) VALUES (24, 'AMD', 1, '2025-12-16 17:45:27', 'The Radeon RX 7900 XTX features AMD''s RDNA architecture, delivering exceptional gaming performance and efficiency. With advanced features like FidelityFX and hardware-accelerated ray tracing, it''s built for immersive gaming experiences.', 1, 1, 'RX 7900', 'Radeon RX 7900 XTX', 'AMD-XTX-024', '2025-12-16 17:45:27', NULL);
INSERT INTO `product_images` (`product_id`, `image_url`, `images_order`) VALUES (24, 'https://images.unsplash.com/photo-1555617981-dac3880eac6e?w=800', 0);
INSERT INTO `product_images` (`product_id`, `image_url`, `images_order`) VALUES (24, 'https://images.unsplash.com/photo-1591488320449-011701bb6704?w=800', 1);
INSERT INTO `product_specifications` (`product_id`, `spec_key`, `spec_value`) VALUES (24, 'Memory', '8GB GDDR6');
INSERT INTO `product_specifications` (`product_id`, `spec_key`, `spec_value`) VALUES (24, 'CUDA Cores', '10240');
INSERT INTO `product_specifications` (`product_id`, `spec_key`, `spec_value`) VALUES (24, 'Boost Clock', '2.3 GHz');
INSERT INTO `product_specifications` (`product_id`, `spec_key`, `spec_value`) VALUES (24, 'TDP', '320W');
INSERT INTO `product_specifications` (`product_id`, `spec_key`, `spec_value`) VALUES (24, 'Memory Bandwidth', '616 GB/s');
INSERT INTO `inventories` (`id`, `active`, `available_quantity`, `created_at`, `currency`, `price`, `reserved_quantity`, `sold_quantity`, `updated_at`, `product_id`, `max_quantity_per_purchase`) VALUES (24, 1, '44.00', '2025-12-16 17:45:27', 'USD', '999.00', '0.00', '0.00', '2025-12-16 17:45:27', 24, '5.00');

INSERT INTO `products` (`id`, `brand`, `category_id`, `created_at`, `description`, `is_active`, `is_featured`, `model`, `name`, `sku`, `updated_at`, `average_rating`) VALUES (25, 'AMD', 1, '2025-12-16 17:45:27', 'The Radeon RX 7900 XT features AMD''s RDNA architecture, delivering exceptional gaming performance and efficiency. With advanced features like FidelityFX and hardware-accelerated ray tracing, it''s built for immersive gaming experiences.', 1, 1, 'RX 7900', 'Radeon RX 7900 XT', 'AMD-XT-025', '2025-12-16 17:45:27', NULL);
INSERT INTO `product_images` (`product_id`, `image_url`, `images_order`) VALUES (25, 'https://images.unsplash.com/photo-1591488320449-011701bb6704?w=800', 0);
INSERT INTO `product_images` (`product_id`, `image_url`, `images_order`) VALUES (25, 'https://images.unsplash.com/photo-1555617981-dac3880eac6e?w=800', 1);
INSERT INTO `product_specifications` (`product_id`, `spec_key`, `spec_value`) VALUES (25, 'Memory', '16GB GDDR6X');
INSERT INTO `product_specifications` (`product_id`, `spec_key`, `spec_value`) VALUES (25, 'CUDA Cores', '10240');
INSERT INTO `product_specifications` (`product_id`, `spec_key`, `spec_value`) VALUES (25, 'Boost Clock', '2.3 GHz');
INSERT INTO `product_specifications` (`product_id`, `spec_key`, `spec_value`) VALUES (25, 'TDP', '285W');
INSERT INTO `product_specifications` (`product_id`, `spec_key`, `spec_value`) VALUES (25, 'Memory Bandwidth', '448 GB/s');
INSERT INTO `inventories` (`id`, `active`, `available_quantity`, `created_at`, `currency`, `price`, `reserved_quantity`, `sold_quantity`, `updated_at`, `product_id`, `max_quantity_per_purchase`) VALUES (25, 1, '41.00', '2025-12-16 17:45:27', 'USD', '899.00', '0.00', '0.00', '2025-12-16 17:45:27', 25, '5.00');

INSERT INTO `products` (`id`, `brand`, `category_id`, `created_at`, `description`, `is_active`, `is_featured`, `model`, `name`, `sku`, `updated_at`, `average_rating`) VALUES (26, 'AMD', 1, '2025-12-16 17:45:27', 'The Radeon RX 7800 XT features AMD''s RDNA architecture, delivering exceptional gaming performance and efficiency. With advanced features like FidelityFX and hardware-accelerated ray tracing, it''s built for immersive gaming experiences.', 1, 0, 'RX 7800', 'Radeon RX 7800 XT', 'AMD-XT-026', '2025-12-16 17:45:27', NULL);
INSERT INTO `product_images` (`product_id`, `image_url`, `images_order`) VALUES (26, 'https://images.unsplash.com/photo-1587202372583-49330a15584d?w=800', 0);
INSERT INTO `product_images` (`product_id`, `image_url`, `images_order`) VALUES (26, 'https://images.unsplash.com/photo-1555617981-dac3880eac6e?w=800', 1);
INSERT INTO `product_images` (`product_id`, `image_url`, `images_order`) VALUES (26, 'https://images.unsplash.com/photo-1591488320449-011701bb6704?w=800', 2);
INSERT INTO `product_specifications` (`product_id`, `spec_key`, `spec_value`) VALUES (26, 'Memory', '24GB GDDR6X');
INSERT INTO `product_specifications` (`product_id`, `spec_key`, `spec_value`) VALUES (26, 'CUDA Cores', '7680');
INSERT INTO `product_specifications` (`product_id`, `spec_key`, `spec_value`) VALUES (26, 'Boost Clock', '2.3 GHz');
INSERT INTO `product_specifications` (`product_id`, `spec_key`, `spec_value`) VALUES (26, 'TDP', '320W');
INSERT INTO `product_specifications` (`product_id`, `spec_key`, `spec_value`) VALUES (26, 'Memory Bandwidth', '448 GB/s');
INSERT INTO `inventories` (`id`, `active`, `available_quantity`, `created_at`, `currency`, `price`, `reserved_quantity`, `sold_quantity`, `updated_at`, `product_id`, `max_quantity_per_purchase`) VALUES (26, 1, '39.00', '2025-12-16 17:45:27', 'USD', '499.00', '0.00', '5.00', '2025-12-16 17:45:27', 26, '5.00');

INSERT INTO `products` (`id`, `brand`, `category_id`, `created_at`, `description`, `is_active`, `is_featured`, `model`, `name`, `sku`, `updated_at`, `average_rating`) VALUES (27, 'AMD', 1, '2025-12-16 17:45:27', 'The Radeon RX 7700 XT features AMD''s RDNA architecture, delivering exceptional gaming performance and efficiency. With advanced features like FidelityFX and hardware-accelerated ray tracing, it''s built for immersive gaming experiences.', 1, 0, 'RX 7700', 'Radeon RX 7700 XT', 'AMD-XT-027', '2025-12-16 17:45:27', NULL);
INSERT INTO `product_images` (`product_id`, `image_url`, `images_order`) VALUES (27, 'https://images.unsplash.com/photo-1587202372583-49330a15584d?w=800', 0);
INSERT INTO `product_images` (`product_id`, `image_url`, `images_order`) VALUES (27, 'https://images.unsplash.com/photo-1555617981-dac3880eac6e?w=800', 1);
INSERT INTO `product_specifications` (`product_id`, `spec_key`, `spec_value`) VALUES (27, 'Memory', '16GB GDDR6X');
INSERT INTO `product_specifications` (`product_id`, `spec_key`, `spec_value`) VALUES (27, 'CUDA Cores', '5120');
INSERT INTO `product_specifications` (`product_id`, `spec_key`, `spec_value`) VALUES (27, 'Boost Clock', '2.5 GHz');
INSERT INTO `product_specifications` (`product_id`, `spec_key`, `spec_value`) VALUES (27, 'TDP', '220W');
INSERT INTO `product_specifications` (`product_id`, `spec_key`, `spec_value`) VALUES (27, 'Memory Bandwidth', '504 GB/s');
INSERT INTO `inventories` (`id`, `active`, `available_quantity`, `created_at`, `currency`, `price`, `reserved_quantity`, `sold_quantity`, `updated_at`, `product_id`, `max_quantity_per_purchase`) VALUES (27, 1, '39.00', '2025-12-16 17:45:27', 'USD', '449.00', '0.00', '3.00', '2025-12-16 17:45:27', 27, '5.00');

INSERT INTO `products` (`id`, `brand`, `category_id`, `created_at`, `description`, `is_active`, `is_featured`, `model`, `name`, `sku`, `updated_at`, `average_rating`) VALUES (28, 'AMD', 1, '2025-12-16 17:45:27', 'The Radeon RX 7600 features AMD''s RDNA architecture, delivering exceptional gaming performance and efficiency. With advanced features like FidelityFX and hardware-accelerated ray tracing, it''s built for immersive gaming experiences.', 1, 0, 'RX 7600', 'Radeon RX 7600', 'AMD-7600-028', '2025-12-16 17:45:27', NULL);
INSERT INTO `product_images` (`product_id`, `image_url`, `images_order`) VALUES (28, 'https://images.unsplash.com/photo-1587202372583-49330a15584d?w=800', 0);
INSERT INTO `product_images` (`product_id`, `image_url`, `images_order`) VALUES (28, 'https://images.unsplash.com/photo-1591488320449-011701bb6704?w=800', 1);
INSERT INTO `product_specifications` (`product_id`, `spec_key`, `spec_value`) VALUES (28, 'Memory', '12GB GDDR6X');
INSERT INTO `product_specifications` (`product_id`, `spec_key`, `spec_value`) VALUES (28, 'CUDA Cores', '5120');
INSERT INTO `product_specifications` (`product_id`, `spec_key`, `spec_value`) VALUES (28, 'Boost Clock', '2.3 GHz');
INSERT INTO `product_specifications` (`product_id`, `spec_key`, `spec_value`) VALUES (28, 'TDP', '220W');
INSERT INTO `product_specifications` (`product_id`, `spec_key`, `spec_value`) VALUES (28, 'Memory Bandwidth', '448 GB/s');
INSERT INTO `inventories` (`id`, `active`, `available_quantity`, `created_at`, `currency`, `price`, `reserved_quantity`, `sold_quantity`, `updated_at`, `product_id`, `max_quantity_per_purchase`) VALUES (28, 1, '42.00', '2025-12-16 17:45:27', 'USD', '269.00', '0.00', '6.00', '2025-12-16 17:45:27', 28, '5.00');

INSERT INTO `products` (`id`, `brand`, `category_id`, `created_at`, `description`, `is_active`, `is_featured`, `model`, `name`, `sku`, `updated_at`, `average_rating`) VALUES (29, 'AMD', 2, '2025-12-16 17:45:27', 'The AMD Instinct MI300X is AMD''s flagship AI accelerator, designed for demanding data center workloads. With high-bandwidth memory and optimized compute units, it delivers exceptional performance for AI training and inference.', 1, 0, 'MI300X', 'AMD Instinct MI300X', 'AMD-MI30-029', '2025-12-16 17:45:27', NULL);
INSERT INTO `product_images` (`product_id`, `image_url`, `images_order`) VALUES (29, 'https://images.unsplash.com/photo-1544197150-b99a580bb7a8?w=800', 0);
INSERT INTO `product_images` (`product_id`, `image_url`, `images_order`) VALUES (29, 'https://images.unsplash.com/photo-1597852074816-d933c7d2b988?w=800', 1);
INSERT INTO `product_images` (`product_id`, `image_url`, `images_order`) VALUES (29, 'https://images.unsplash.com/photo-1558494949-ef010cbdcc31?w=800', 2);
INSERT INTO `product_specifications` (`product_id`, `spec_key`, `spec_value`) VALUES (29, 'Architecture', 'CDNA3');
INSERT INTO `product_specifications` (`product_id`, `spec_key`, `spec_value`) VALUES (29, 'Compute Units', '104');
INSERT INTO `product_specifications` (`product_id`, `spec_key`, `spec_value`) VALUES (29, 'Memory', '64GB HBM2e');
INSERT INTO `product_specifications` (`product_id`, `spec_key`, `spec_value`) VALUES (29, 'Memory Bandwidth', '2.0TB/s');
INSERT INTO `product_specifications` (`product_id`, `spec_key`, `spec_value`) VALUES (29, 'TDP', '500W');
INSERT INTO `inventories` (`id`, `active`, `available_quantity`, `created_at`, `currency`, `price`, `reserved_quantity`, `sold_quantity`, `updated_at`, `product_id`, `max_quantity_per_purchase`) VALUES (29, 1, '2.00', '2025-12-16 17:45:27', 'USD', '36873.00', '0.00', '0.00', '2025-12-16 17:45:27', 29, '1.00');

INSERT INTO `products` (`id`, `brand`, `category_id`, `created_at`, `description`, `is_active`, `is_featured`, `model`, `name`, `sku`, `updated_at`, `average_rating`) VALUES (30, 'AMD', 2, '2025-12-16 17:45:27', 'The AMD Instinct MI300A is AMD''s flagship AI accelerator, designed for demanding data center workloads. With high-bandwidth memory and optimized compute units, it delivers exceptional performance for AI training and inference.', 1, 0, 'MI300A', 'AMD Instinct MI300A', 'AMD-MI30-030', '2025-12-16 17:45:27', NULL);
INSERT INTO `product_images` (`product_id`, `image_url`, `images_order`) VALUES (30, 'https://images.unsplash.com/photo-1544197150-b99a580bb7a8?w=800', 0);
INSERT INTO `product_images` (`product_id`, `image_url`, `images_order`) VALUES (30, 'https://images.unsplash.com/photo-1597852074816-d933c7d2b988?w=800', 1);
INSERT INTO `product_images` (`product_id`, `image_url`, `images_order`) VALUES (30, 'https://images.unsplash.com/photo-1558494949-ef010cbdcc31?w=800', 2);
INSERT INTO `product_specifications` (`product_id`, `spec_key`, `spec_value`) VALUES (30, 'Architecture', 'CDNA3');
INSERT INTO `product_specifications` (`product_id`, `spec_key`, `spec_value`) VALUES (30, 'Compute Units', '110');
INSERT INTO `product_specifications` (`product_id`, `spec_key`, `spec_value`) VALUES (30, 'Memory', '128GB HBM3');
INSERT INTO `product_specifications` (`product_id`, `spec_key`, `spec_value`) VALUES (30, 'Memory Bandwidth', '1.6TB/s');
INSERT INTO `product_specifications` (`product_id`, `spec_key`, `spec_value`) VALUES (30, 'TDP', '300W');
INSERT INTO `inventories` (`id`, `active`, `available_quantity`, `created_at`, `currency`, `price`, `reserved_quantity`, `sold_quantity`, `updated_at`, `product_id`, `max_quantity_per_purchase`) VALUES (30, 1, '2.00', '2025-12-16 17:45:27', 'USD', '25679.00', '0.00', '0.00', '2025-12-16 17:45:27', 30, '1.00');

INSERT INTO `products` (`id`, `brand`, `category_id`, `created_at`, `description`, `is_active`, `is_featured`, `model`, `name`, `sku`, `updated_at`, `average_rating`) VALUES (31, 'AMD', 2, '2025-12-16 17:45:27', 'The AMD Instinct MI250X is AMD''s flagship AI accelerator, designed for demanding data center workloads. With high-bandwidth memory and optimized compute units, it delivers exceptional performance for AI training and inference.', 1, 0, 'MI250X', 'AMD Instinct MI250X', 'AMD-MI25-031', '2025-12-16 17:45:27', NULL);
INSERT INTO `product_images` (`product_id`, `image_url`, `images_order`) VALUES (31, 'https://images.unsplash.com/photo-1597852074816-d933c7d2b988?w=800', 0);
INSERT INTO `product_images` (`product_id`, `image_url`, `images_order`) VALUES (31, 'https://images.unsplash.com/photo-1544197150-b99a580bb7a8?w=800', 1);
INSERT INTO `product_images` (`product_id`, `image_url`, `images_order`) VALUES (31, 'https://images.unsplash.com/photo-1558494949-ef010cbdcc31?w=800', 2);
INSERT INTO `product_specifications` (`product_id`, `spec_key`, `spec_value`) VALUES (31, 'Architecture', 'CDNA2');
INSERT INTO `product_specifications` (`product_id`, `spec_key`, `spec_value`) VALUES (31, 'Compute Units', '128');
INSERT INTO `product_specifications` (`product_id`, `spec_key`, `spec_value`) VALUES (31, 'Memory', '48GB HBM2e');
INSERT INTO `product_specifications` (`product_id`, `spec_key`, `spec_value`) VALUES (31, 'Memory Bandwidth', '2.0TB/s');
INSERT INTO `product_specifications` (`product_id`, `spec_key`, `spec_value`) VALUES (31, 'TDP', '750W');
INSERT INTO `inventories` (`id`, `active`, `available_quantity`, `created_at`, `currency`, `price`, `reserved_quantity`, `sold_quantity`, `updated_at`, `product_id`, `max_quantity_per_purchase`) VALUES (31, 1, '3.00', '2025-12-16 17:45:27', 'USD', '17424.00', '0.00', '0.00', '2025-12-16 17:45:27', 31, '2.00');

INSERT INTO `products` (`id`, `brand`, `category_id`, `created_at`, `description`, `is_active`, `is_featured`, `model`, `name`, `sku`, `updated_at`, `average_rating`) VALUES (32, 'AMD', 2, '2025-12-16 17:45:27', 'The AMD Instinct MI210 is AMD''s flagship AI accelerator, designed for demanding data center workloads. With high-bandwidth memory and optimized compute units, it delivers exceptional performance for AI training and inference.', 1, 0, 'MI210', 'AMD Instinct MI210', 'AMD-MI21-032', '2025-12-16 17:45:27', NULL);
INSERT INTO `product_images` (`product_id`, `image_url`, `images_order`) VALUES (32, 'https://images.unsplash.com/photo-1544197150-b99a580bb7a8?w=800', 0);
INSERT INTO `product_images` (`product_id`, `image_url`, `images_order`) VALUES (32, 'https://images.unsplash.com/photo-1597852074816-d933c7d2b988?w=800', 1);
INSERT INTO `product_specifications` (`product_id`, `spec_key`, `spec_value`) VALUES (32, 'Architecture', 'CDNA3');
INSERT INTO `product_specifications` (`product_id`, `spec_key`, `spec_value`) VALUES (32, 'Compute Units', '128');
INSERT INTO `product_specifications` (`product_id`, `spec_key`, `spec_value`) VALUES (32, 'Memory', '64GB HBM2e');
INSERT INTO `product_specifications` (`product_id`, `spec_key`, `spec_value`) VALUES (32, 'Memory Bandwidth', '1.6TB/s');
INSERT INTO `product_specifications` (`product_id`, `spec_key`, `spec_value`) VALUES (32, 'TDP', '300W');
INSERT INTO `inventories` (`id`, `active`, `available_quantity`, `created_at`, `currency`, `price`, `reserved_quantity`, `sold_quantity`, `updated_at`, `product_id`, `max_quantity_per_purchase`) VALUES (32, 1, '9.00', '2025-12-16 17:45:27', 'USD', '8034.00', '0.00', '0.00', '2025-12-16 17:45:27', 32, '2.00');

INSERT INTO `products` (`id`, `brand`, `category_id`, `created_at`, `description`, `is_active`, `is_featured`, `model`, `name`, `sku`, `updated_at`, `average_rating`) VALUES (33, 'AMD', 2, '2025-12-16 17:45:27', 'The AMD EPYC 9754 represents AMD''s leadership in server computing with advanced core architecture and exceptional performance-per-watt. Ideal for cloud computing, virtualization, and enterprise workloads.', 1, 0, '9754', 'AMD EPYC 9754', 'AMD-9754-033', '2025-12-16 17:45:27', NULL);
INSERT INTO `product_images` (`product_id`, `image_url`, `images_order`) VALUES (33, 'https://images.unsplash.com/photo-1544197150-b99a580bb7a8?w=800', 0);
INSERT INTO `product_images` (`product_id`, `image_url`, `images_order`) VALUES (33, 'https://images.unsplash.com/photo-1558494949-ef010cbdcc31?w=800', 1);
INSERT INTO `product_images` (`product_id`, `image_url`, `images_order`) VALUES (33, 'https://images.unsplash.com/photo-1597852074816-d933c7d2b988?w=800', 2);
INSERT INTO `product_specifications` (`product_id`, `spec_key`, `spec_value`) VALUES (33, 'Cores', '32');
INSERT INTO `product_specifications` (`product_id`, `spec_key`, `spec_value`) VALUES (33, 'Base Clock', '2.0 GHz');
INSERT INTO `product_specifications` (`product_id`, `spec_key`, `spec_value`) VALUES (33, 'Boost Clock', '3.7 GHz');
INSERT INTO `product_specifications` (`product_id`, `spec_key`, `spec_value`) VALUES (33, 'Cache', '512MB');
INSERT INTO `product_specifications` (`product_id`, `spec_key`, `spec_value`) VALUES (33, 'TDP', '320W');
INSERT INTO `product_specifications` (`product_id`, `spec_key`, `spec_value`) VALUES (33, 'Memory Support', 'DDR5-5600');
INSERT INTO `inventories` (`id`, `active`, `available_quantity`, `created_at`, `currency`, `price`, `reserved_quantity`, `sold_quantity`, `updated_at`, `product_id`, `max_quantity_per_purchase`) VALUES (33, 1, '6.00', '2025-12-16 17:45:27', 'USD', '10397.00', '0.00', '0.00', '2025-12-16 17:45:27', 33, '2.00');

INSERT INTO `products` (`id`, `brand`, `category_id`, `created_at`, `description`, `is_active`, `is_featured`, `model`, `name`, `sku`, `updated_at`, `average_rating`) VALUES (34, 'AMD', 2, '2025-12-16 17:45:27', 'The AMD EPYC 9654 represents AMD''s leadership in server computing with advanced core architecture and exceptional performance-per-watt. Ideal for cloud computing, virtualization, and enterprise workloads.', 1, 0, '9654', 'AMD EPYC 9654', 'AMD-9654-034', '2025-12-16 17:45:27', NULL);
INSERT INTO `product_images` (`product_id`, `image_url`, `images_order`) VALUES (34, 'https://images.unsplash.com/photo-1558494949-ef010cbdcc31?w=800', 0);
INSERT INTO `product_images` (`product_id`, `image_url`, `images_order`) VALUES (34, 'https://images.unsplash.com/photo-1544197150-b99a580bb7a8?w=800', 1);
INSERT INTO `product_images` (`product_id`, `image_url`, `images_order`) VALUES (34, 'https://images.unsplash.com/photo-1597852074816-d933c7d2b988?w=800', 2);
INSERT INTO `product_specifications` (`product_id`, `spec_key`, `spec_value`) VALUES (34, 'Cores', '96');
INSERT INTO `product_specifications` (`product_id`, `spec_key`, `spec_value`) VALUES (34, 'Base Clock', '2.25 GHz');
INSERT INTO `product_specifications` (`product_id`, `spec_key`, `spec_value`) VALUES (34, 'Boost Clock', '3.7 GHz');
INSERT INTO `product_specifications` (`product_id`, `spec_key`, `spec_value`) VALUES (34, 'Cache', '512MB');
INSERT INTO `product_specifications` (`product_id`, `spec_key`, `spec_value`) VALUES (34, 'TDP', '280W');
INSERT INTO `product_specifications` (`product_id`, `spec_key`, `spec_value`) VALUES (34, 'Memory Support', 'DDR5-4800');
INSERT INTO `inventories` (`id`, `active`, `available_quantity`, `created_at`, `currency`, `price`, `reserved_quantity`, `sold_quantity`, `updated_at`, `product_id`, `max_quantity_per_purchase`) VALUES (34, 1, '7.00', '2025-12-16 17:45:27', 'USD', '14371.00', '0.00', '1.00', '2025-12-16 17:45:27', 34, '2.00');

INSERT INTO `products` (`id`, `brand`, `category_id`, `created_at`, `description`, `is_active`, `is_featured`, `model`, `name`, `sku`, `updated_at`, `average_rating`) VALUES (35, 'AMD', 2, '2025-12-16 17:45:27', 'The AMD EPYC 9554 represents AMD''s leadership in server computing with advanced core architecture and exceptional performance-per-watt. Ideal for cloud computing, virtualization, and enterprise workloads.', 1, 0, '9554', 'AMD EPYC 9554', 'AMD-9554-035', '2025-12-16 17:45:27', NULL);
INSERT INTO `product_images` (`product_id`, `image_url`, `images_order`) VALUES (35, 'https://images.unsplash.com/photo-1544197150-b99a580bb7a8?w=800', 0);
INSERT INTO `product_images` (`product_id`, `image_url`, `images_order`) VALUES (35, 'https://images.unsplash.com/photo-1597852074816-d933c7d2b988?w=800', 1);
INSERT INTO `product_specifications` (`product_id`, `spec_key`, `spec_value`) VALUES (35, 'Cores', '64');
INSERT INTO `product_specifications` (`product_id`, `spec_key`, `spec_value`) VALUES (35, 'Base Clock', '2.0 GHz');
INSERT INTO `product_specifications` (`product_id`, `spec_key`, `spec_value`) VALUES (35, 'Boost Clock', '4.0 GHz');
INSERT INTO `product_specifications` (`product_id`, `spec_key`, `spec_value`) VALUES (35, 'Cache', '128MB');
INSERT INTO `product_specifications` (`product_id`, `spec_key`, `spec_value`) VALUES (35, 'TDP', '280W');
INSERT INTO `product_specifications` (`product_id`, `spec_key`, `spec_value`) VALUES (35, 'Memory Support', 'DDR5-5600');
INSERT INTO `inventories` (`id`, `active`, `available_quantity`, `created_at`, `currency`, `price`, `reserved_quantity`, `sold_quantity`, `updated_at`, `product_id`, `max_quantity_per_purchase`) VALUES (35, 1, '14.00', '2025-12-16 17:45:27', 'USD', '6980.00', '0.00', '0.00', '2025-12-16 17:45:27', 35, '2.00');

INSERT INTO `products` (`id`, `brand`, `category_id`, `created_at`, `description`, `is_active`, `is_featured`, `model`, `name`, `sku`, `updated_at`, `average_rating`) VALUES (36, 'AMD', 2, '2025-12-16 17:45:27', 'The AMD EPYC 9374F represents AMD''s leadership in server computing with advanced core architecture and exceptional performance-per-watt. Ideal for cloud computing, virtualization, and enterprise workloads.', 1, 0, '9374F', 'AMD EPYC 9374F', 'AMD-9374-036', '2025-12-16 17:45:27', NULL);
INSERT INTO `product_images` (`product_id`, `image_url`, `images_order`) VALUES (36, 'https://images.unsplash.com/photo-1544197150-b99a580bb7a8?w=800', 0);
INSERT INTO `product_images` (`product_id`, `image_url`, `images_order`) VALUES (36, 'https://images.unsplash.com/photo-1558494949-ef010cbdcc31?w=800', 1);
INSERT INTO `product_specifications` (`product_id`, `spec_key`, `spec_value`) VALUES (36, 'Cores', '16');
INSERT INTO `product_specifications` (`product_id`, `spec_key`, `spec_value`) VALUES (36, 'Base Clock', '2.7 GHz');
INSERT INTO `product_specifications` (`product_id`, `spec_key`, `spec_value`) VALUES (36, 'Boost Clock', '4.0 GHz');
INSERT INTO `product_specifications` (`product_id`, `spec_key`, `spec_value`) VALUES (36, 'Cache', '128MB');
INSERT INTO `product_specifications` (`product_id`, `spec_key`, `spec_value`) VALUES (36, 'TDP', '280W');
INSERT INTO `product_specifications` (`product_id`, `spec_key`, `spec_value`) VALUES (36, 'Memory Support', 'DDR5-4800');
INSERT INTO `inventories` (`id`, `active`, `available_quantity`, `created_at`, `currency`, `price`, `reserved_quantity`, `sold_quantity`, `updated_at`, `product_id`, `max_quantity_per_purchase`) VALUES (36, 1, '12.00', '2025-12-16 17:45:27', 'USD', '9480.00', '0.00', '0.00', '2025-12-16 17:45:27', 36, '2.00');

INSERT INTO `products` (`id`, `brand`, `category_id`, `created_at`, `description`, `is_active`, `is_featured`, `model`, `name`, `sku`, `updated_at`, `average_rating`) VALUES (37, 'AMD', 2, '2025-12-16 17:45:27', 'The AMD EPYC 9274F represents AMD''s leadership in server computing with advanced core architecture and exceptional performance-per-watt. Ideal for cloud computing, virtualization, and enterprise workloads.', 1, 0, '9274F', 'AMD EPYC 9274F', 'AMD-9274-037', '2025-12-16 17:45:27', NULL);
INSERT INTO `product_images` (`product_id`, `image_url`, `images_order`) VALUES (37, 'https://images.unsplash.com/photo-1558494949-ef010cbdcc31?w=800', 0);
INSERT INTO `product_images` (`product_id`, `image_url`, `images_order`) VALUES (37, 'https://images.unsplash.com/photo-1544197150-b99a580bb7a8?w=800', 1);
INSERT INTO `product_specifications` (`product_id`, `spec_key`, `spec_value`) VALUES (37, 'Cores', '24');
INSERT INTO `product_specifications` (`product_id`, `spec_key`, `spec_value`) VALUES (37, 'Base Clock', '2.7 GHz');
INSERT INTO `product_specifications` (`product_id`, `spec_key`, `spec_value`) VALUES (37, 'Boost Clock', '4.0 GHz');
INSERT INTO `product_specifications` (`product_id`, `spec_key`, `spec_value`) VALUES (37, 'Cache', '256MB');
INSERT INTO `product_specifications` (`product_id`, `spec_key`, `spec_value`) VALUES (37, 'TDP', '225W');
INSERT INTO `product_specifications` (`product_id`, `spec_key`, `spec_value`) VALUES (37, 'Memory Support', 'DDR5-4800');
INSERT INTO `inventories` (`id`, `active`, `available_quantity`, `created_at`, `currency`, `price`, `reserved_quantity`, `sold_quantity`, `updated_at`, `product_id`, `max_quantity_per_purchase`) VALUES (37, 1, '15.00', '2025-12-16 17:45:27', 'USD', '4534.00', '0.00', '2.00', '2025-12-16 17:45:27', 37, '3.00');

INSERT INTO `products` (`id`, `brand`, `category_id`, `created_at`, `description`, `is_active`, `is_featured`, `model`, `name`, `sku`, `updated_at`, `average_rating`) VALUES (38, 'AMD', 2, '2025-12-16 17:45:27', 'The AMD EPYC 9224 represents AMD''s leadership in server computing with advanced core architecture and exceptional performance-per-watt. Ideal for cloud computing, virtualization, and enterprise workloads.', 1, 0, '9224', 'AMD EPYC 9224', 'AMD-9224-038', '2025-12-16 17:45:27', NULL);
INSERT INTO `product_images` (`product_id`, `image_url`, `images_order`) VALUES (38, 'https://images.unsplash.com/photo-1558494949-ef010cbdcc31?w=800', 0);
INSERT INTO `product_images` (`product_id`, `image_url`, `images_order`) VALUES (38, 'https://images.unsplash.com/photo-1544197150-b99a580bb7a8?w=800', 1);
INSERT INTO `product_images` (`product_id`, `image_url`, `images_order`) VALUES (38, 'https://images.unsplash.com/photo-1597852074816-d933c7d2b988?w=800', 2);
INSERT INTO `product_specifications` (`product_id`, `spec_key`, `spec_value`) VALUES (38, 'Cores', '16');
INSERT INTO `product_specifications` (`product_id`, `spec_key`, `spec_value`) VALUES (38, 'Base Clock', '2.7 GHz');
INSERT INTO `product_specifications` (`product_id`, `spec_key`, `spec_value`) VALUES (38, 'Boost Clock', '4.0 GHz');
INSERT INTO `product_specifications` (`product_id`, `spec_key`, `spec_value`) VALUES (38, 'Cache', '512MB');
INSERT INTO `product_specifications` (`product_id`, `spec_key`, `spec_value`) VALUES (38, 'TDP', '225W');
INSERT INTO `product_specifications` (`product_id`, `spec_key`, `spec_value`) VALUES (38, 'Memory Support', 'DDR5-4800');
INSERT INTO `inventories` (`id`, `active`, `available_quantity`, `created_at`, `currency`, `price`, `reserved_quantity`, `sold_quantity`, `updated_at`, `product_id`, `max_quantity_per_purchase`) VALUES (38, 1, '5.00', '2025-12-16 17:45:27', 'USD', '4829.00', '0.00', '0.00', '2025-12-16 17:45:27', 38, '3.00');

INSERT INTO `products` (`id`, `brand`, `category_id`, `created_at`, `description`, `is_active`, `is_featured`, `model`, `name`, `sku`, `updated_at`, `average_rating`) VALUES (39, 'IBM', 2, '2025-12-16 17:45:27', 'The IBM Power S1014 delivers enterprise-grade reliability and performance for mission-critical workloads. Built on IBM''s proven POWER architecture, it offers exceptional scalability and security.', 1, 0, 'S1014', 'IBM Power S1014', 'IBM-S101-039', '2025-12-16 17:45:27', NULL);
INSERT INTO `product_images` (`product_id`, `image_url`, `images_order`) VALUES (39, 'https://images.unsplash.com/photo-1558494949-ef010cbdcc31?w=800', 0);
INSERT INTO `product_images` (`product_id`, `image_url`, `images_order`) VALUES (39, 'https://images.unsplash.com/photo-1597852074816-d933c7d2b988?w=800', 1);
INSERT INTO `product_specifications` (`product_id`, `spec_key`, `spec_value`) VALUES (39, 'Processor', 'POWER10');
INSERT INTO `product_specifications` (`product_id`, `spec_key`, `spec_value`) VALUES (39, 'Max Cores', '8');
INSERT INTO `product_specifications` (`product_id`, `spec_key`, `spec_value`) VALUES (39, 'Memory Capacity', 'Up to 1TB');
INSERT INTO `product_specifications` (`product_id`, `spec_key`, `spec_value`) VALUES (39, 'Storage Bays', '8x 2.5"');
INSERT INTO `product_specifications` (`product_id`, `spec_key`, `spec_value`) VALUES (39, 'Redundant PSU', 'Yes');
INSERT INTO `inventories` (`id`, `active`, `available_quantity`, `created_at`, `currency`, `price`, `reserved_quantity`, `sold_quantity`, `updated_at`, `product_id`, `max_quantity_per_purchase`) VALUES (39, 1, '6.00', '2025-12-16 17:45:27', 'USD', '11345.00', '0.00', '0.00', '2025-12-16 17:45:27', 39, '2.00');

INSERT INTO `products` (`id`, `brand`, `category_id`, `created_at`, `description`, `is_active`, `is_featured`, `model`, `name`, `sku`, `updated_at`, `average_rating`) VALUES (40, 'IBM', 2, '2025-12-16 17:45:27', 'The IBM Power S1022s delivers enterprise-grade reliability and performance for mission-critical workloads. Built on IBM''s proven POWER architecture, it offers exceptional scalability and security.', 1, 0, 'S1022s', 'IBM Power S1022s', 'IBM-S102-040', '2025-12-16 17:45:27', NULL);
INSERT INTO `product_images` (`product_id`, `image_url`, `images_order`) VALUES (40, 'https://images.unsplash.com/photo-1558494949-ef010cbdcc31?w=800', 0);
INSERT INTO `product_images` (`product_id`, `image_url`, `images_order`) VALUES (40, 'https://images.unsplash.com/photo-1544197150-b99a580bb7a8?w=800', 1);
INSERT INTO `product_images` (`product_id`, `image_url`, `images_order`) VALUES (40, 'https://images.unsplash.com/photo-1597852074816-d933c7d2b988?w=800', 2);
INSERT INTO `product_specifications` (`product_id`, `spec_key`, `spec_value`) VALUES (40, 'Processor', 'POWER11');
INSERT INTO `product_specifications` (`product_id`, `spec_key`, `spec_value`) VALUES (40, 'Max Cores', '8');
INSERT INTO `product_specifications` (`product_id`, `spec_key`, `spec_value`) VALUES (40, 'Memory Capacity', 'Up to 4TB');
INSERT INTO `product_specifications` (`product_id`, `spec_key`, `spec_value`) VALUES (40, 'Storage Bays', '8x 2.5"');
INSERT INTO `product_specifications` (`product_id`, `spec_key`, `spec_value`) VALUES (40, 'Redundant PSU', 'Yes');
INSERT INTO `inventories` (`id`, `active`, `available_quantity`, `created_at`, `currency`, `price`, `reserved_quantity`, `sold_quantity`, `updated_at`, `product_id`, `max_quantity_per_purchase`) VALUES (40, 1, '3.00', '2025-12-16 17:45:27', 'USD', '20636.00', '0.00', '0.00', '2025-12-16 17:45:27', 40, '1.00');

INSERT INTO `products` (`id`, `brand`, `category_id`, `created_at`, `description`, `is_active`, `is_featured`, `model`, `name`, `sku`, `updated_at`, `average_rating`) VALUES (41, 'IBM', 2, '2025-12-16 17:45:27', 'The IBM Power S1022 delivers enterprise-grade reliability and performance for mission-critical workloads. Built on IBM''s proven POWER architecture, it offers exceptional scalability and security.', 1, 0, 'S1022', 'IBM Power S1022', 'IBM-S102-041', '2025-12-16 17:45:27', NULL);
INSERT INTO `product_images` (`product_id`, `image_url`, `images_order`) VALUES (41, 'https://images.unsplash.com/photo-1544197150-b99a580bb7a8?w=800', 0);
INSERT INTO `product_images` (`product_id`, `image_url`, `images_order`) VALUES (41, 'https://images.unsplash.com/photo-1597852074816-d933c7d2b988?w=800', 1);
INSERT INTO `product_images` (`product_id`, `image_url`, `images_order`) VALUES (41, 'https://images.unsplash.com/photo-1558494949-ef010cbdcc31?w=800', 2);
INSERT INTO `product_specifications` (`product_id`, `spec_key`, `spec_value`) VALUES (41, 'Processor', 'POWER9');
INSERT INTO `product_specifications` (`product_id`, `spec_key`, `spec_value`) VALUES (41, 'Max Cores', '24');
INSERT INTO `product_specifications` (`product_id`, `spec_key`, `spec_value`) VALUES (41, 'Memory Capacity', 'Up to 2TB');
INSERT INTO `product_specifications` (`product_id`, `spec_key`, `spec_value`) VALUES (41, 'Storage Bays', '8x 2.5"');
INSERT INTO `product_specifications` (`product_id`, `spec_key`, `spec_value`) VALUES (41, 'Redundant PSU', 'Yes');
INSERT INTO `inventories` (`id`, `active`, `available_quantity`, `created_at`, `currency`, `price`, `reserved_quantity`, `sold_quantity`, `updated_at`, `product_id`, `max_quantity_per_purchase`) VALUES (41, 1, '3.00', '2025-12-16 17:45:27', 'USD', '20778.00', '0.00', '0.00', '2025-12-16 17:45:27', 41, '1.00');

INSERT INTO `products` (`id`, `brand`, `category_id`, `created_at`, `description`, `is_active`, `is_featured`, `model`, `name`, `sku`, `updated_at`, `average_rating`) VALUES (42, 'IBM', 2, '2025-12-16 17:45:27', 'The IBM Power S1024 delivers enterprise-grade reliability and performance for mission-critical workloads. Built on IBM''s proven POWER architecture, it offers exceptional scalability and security.', 1, 0, 'S1024', 'IBM Power S1024', 'IBM-S102-042', '2025-12-16 17:45:27', NULL);
INSERT INTO `product_images` (`product_id`, `image_url`, `images_order`) VALUES (42, 'https://images.unsplash.com/photo-1558494949-ef010cbdcc31?w=800', 0);
INSERT INTO `product_images` (`product_id`, `image_url`, `images_order`) VALUES (42, 'https://images.unsplash.com/photo-1597852074816-d933c7d2b988?w=800', 1);
INSERT INTO `product_specifications` (`product_id`, `spec_key`, `spec_value`) VALUES (42, 'Processor', 'POWER9');
INSERT INTO `product_specifications` (`product_id`, `spec_key`, `spec_value`) VALUES (42, 'Max Cores', '8');
INSERT INTO `product_specifications` (`product_id`, `spec_key`, `spec_value`) VALUES (42, 'Memory Capacity', 'Up to 2TB');
INSERT INTO `product_specifications` (`product_id`, `spec_key`, `spec_value`) VALUES (42, 'Storage Bays', '12x 3.5"');
INSERT INTO `product_specifications` (`product_id`, `spec_key`, `spec_value`) VALUES (42, 'Redundant PSU', 'Yes');
INSERT INTO `inventories` (`id`, `active`, `available_quantity`, `created_at`, `currency`, `price`, `reserved_quantity`, `sold_quantity`, `updated_at`, `product_id`, `max_quantity_per_purchase`) VALUES (42, 1, '4.00', '2025-12-16 17:45:27', 'USD', '21305.00', '0.00', '0.00', '2025-12-16 17:45:27', 42, '1.00');

INSERT INTO `products` (`id`, `brand`, `category_id`, `created_at`, `description`, `is_active`, `is_featured`, `model`, `name`, `sku`, `updated_at`, `average_rating`) VALUES (43, 'IBM', 2, '2025-12-16 17:45:27', 'The IBM Power E1050 delivers enterprise-grade reliability and performance for mission-critical workloads. Built on IBM''s proven POWER architecture, it offers exceptional scalability and security.', 1, 0, 'E1050', 'IBM Power E1050', 'IBM-E105-043', '2025-12-16 17:45:27', NULL);
INSERT INTO `product_images` (`product_id`, `image_url`, `images_order`) VALUES (43, 'https://images.unsplash.com/photo-1597852074816-d933c7d2b988?w=800', 0);
INSERT INTO `product_images` (`product_id`, `image_url`, `images_order`) VALUES (43, 'https://images.unsplash.com/photo-1544197150-b99a580bb7a8?w=800', 1);
INSERT INTO `product_specifications` (`product_id`, `spec_key`, `spec_value`) VALUES (43, 'Processor', 'POWER9');
INSERT INTO `product_specifications` (`product_id`, `spec_key`, `spec_value`) VALUES (43, 'Max Cores', '12');
INSERT INTO `product_specifications` (`product_id`, `spec_key`, `spec_value`) VALUES (43, 'Memory Capacity', 'Up to 1TB');
INSERT INTO `product_specifications` (`product_id`, `spec_key`, `spec_value`) VALUES (43, 'Storage Bays', '12x 3.5"');
INSERT INTO `product_specifications` (`product_id`, `spec_key`, `spec_value`) VALUES (43, 'Redundant PSU', 'Yes');
INSERT INTO `inventories` (`id`, `active`, `available_quantity`, `created_at`, `currency`, `price`, `reserved_quantity`, `sold_quantity`, `updated_at`, `product_id`, `max_quantity_per_purchase`) VALUES (43, 1, '8.00', '2025-12-16 17:45:27', 'USD', '30451.00', '0.00', '0.00', '2025-12-16 17:45:27', 43, '1.00');

INSERT INTO `products` (`id`, `brand`, `category_id`, `created_at`, `description`, `is_active`, `is_featured`, `model`, `name`, `sku`, `updated_at`, `average_rating`) VALUES (44, 'IBM', 2, '2025-12-16 17:45:27', 'The IBM Power E1080 delivers enterprise-grade reliability and performance for mission-critical workloads. Built on IBM''s proven POWER architecture, it offers exceptional scalability and security.', 1, 0, 'E1080', 'IBM Power E1080', 'IBM-E108-044', '2025-12-16 17:45:27', NULL);
INSERT INTO `product_images` (`product_id`, `image_url`, `images_order`) VALUES (44, 'https://images.unsplash.com/photo-1544197150-b99a580bb7a8?w=800', 0);
INSERT INTO `product_images` (`product_id`, `image_url`, `images_order`) VALUES (44, 'https://images.unsplash.com/photo-1558494949-ef010cbdcc31?w=800', 1);
INSERT INTO `product_images` (`product_id`, `image_url`, `images_order`) VALUES (44, 'https://images.unsplash.com/photo-1597852074816-d933c7d2b988?w=800', 2);
INSERT INTO `product_specifications` (`product_id`, `spec_key`, `spec_value`) VALUES (44, 'Processor', 'POWER10');
INSERT INTO `product_specifications` (`product_id`, `spec_key`, `spec_value`) VALUES (44, 'Max Cores', '8');
INSERT INTO `product_specifications` (`product_id`, `spec_key`, `spec_value`) VALUES (44, 'Memory Capacity', 'Up to 4TB');
INSERT INTO `product_specifications` (`product_id`, `spec_key`, `spec_value`) VALUES (44, 'Storage Bays', '8x 2.5"');
INSERT INTO `product_specifications` (`product_id`, `spec_key`, `spec_value`) VALUES (44, 'Redundant PSU', 'Yes');
INSERT INTO `inventories` (`id`, `active`, `available_quantity`, `created_at`, `currency`, `price`, `reserved_quantity`, `sold_quantity`, `updated_at`, `product_id`, `max_quantity_per_purchase`) VALUES (44, 1, '5.00', '2025-12-16 17:45:27', 'USD', '56682.00', '0.00', '0.00', '2025-12-16 17:45:27', 44, '1.00');

INSERT INTO `products` (`id`, `brand`, `category_id`, `created_at`, `description`, `is_active`, `is_featured`, `model`, `name`, `sku`, `updated_at`, `average_rating`) VALUES (45, 'IBM', 6, '2025-12-16 17:45:27', 'The FlashSystem 5015 - SAS HDD 20TB provides high-performance, enterprise-grade storage with advanced data protection and management capabilities. Designed for demanding workloads requiring high availability and low latency.', 1, 1, '20TB', 'FlashSystem 5015 - SAS HDD 20TB', 'IBM-20TB-045', '2025-12-16 17:45:27', NULL);
INSERT INTO `product_images` (`product_id`, `image_url`, `images_order`) VALUES (45, 'https://images.unsplash.com/photo-1580894732444-8ecded7900cd?w=800', 0);
INSERT INTO `product_images` (`product_id`, `image_url`, `images_order`) VALUES (45, 'https://images.unsplash.com/photo-1484788984921-03950022c9ef?w=800', 1);
INSERT INTO `product_specifications` (`product_id`, `spec_key`, `spec_value`) VALUES (45, 'Capacity', '20TB');
INSERT INTO `product_specifications` (`product_id`, `spec_key`, `spec_value`) VALUES (45, 'Drive Type', 'NL-SAS HDD');
INSERT INTO `product_specifications` (`product_id`, `spec_key`, `spec_value`) VALUES (45, 'IOPS', '500K');
INSERT INTO `product_specifications` (`product_id`, `spec_key`, `spec_value`) VALUES (45, 'Protocols', 'iSCSI, FC, NVMe-oF');
INSERT INTO `product_specifications` (`product_id`, `spec_key`, `spec_value`) VALUES (45, 'RAID Support', '0, 1, 5, 6, 10');
INSERT INTO `inventories` (`id`, `active`, `available_quantity`, `created_at`, `currency`, `price`, `reserved_quantity`, `sold_quantity`, `updated_at`, `product_id`, `max_quantity_per_purchase`) VALUES (45, 1, '5.00', '2025-12-16 17:45:27', 'USD', '14200.00', '0.00', '0.00', '2025-12-16 17:45:27', 45, '2.00');

INSERT INTO `products` (`id`, `brand`, `category_id`, `created_at`, `description`, `is_active`, `is_featured`, `model`, `name`, `sku`, `updated_at`, `average_rating`) VALUES (46, 'IBM', 6, '2025-12-16 17:45:27', 'The FlashSystem 5015 - All Flash 30TB provides high-performance, enterprise-grade storage with advanced data protection and management capabilities. Designed for demanding workloads requiring high availability and low latency.', 1, 1, '30TB', 'FlashSystem 5015 - All Flash 30TB', 'IBM-30TB-046', '2025-12-16 17:45:27', NULL);
INSERT INTO `product_images` (`product_id`, `image_url`, `images_order`) VALUES (46, 'https://images.unsplash.com/photo-1580894732444-8ecded7900cd?w=800', 0);
INSERT INTO `product_images` (`product_id`, `image_url`, `images_order`) VALUES (46, 'https://images.unsplash.com/photo-1550751827-4bd374c3f58b?w=800', 1);
INSERT INTO `product_images` (`product_id`, `image_url`, `images_order`) VALUES (46, 'https://images.unsplash.com/photo-1484788984921-03950022c9ef?w=800', 2);
INSERT INTO `product_specifications` (`product_id`, `spec_key`, `spec_value`) VALUES (46, 'Capacity', '13TB');
INSERT INTO `product_specifications` (`product_id`, `spec_key`, `spec_value`) VALUES (46, 'Drive Type', 'SAS HDD');
INSERT INTO `product_specifications` (`product_id`, `spec_key`, `spec_value`) VALUES (46, 'IOPS', '500K');
INSERT INTO `product_specifications` (`product_id`, `spec_key`, `spec_value`) VALUES (46, 'Protocols', 'iSCSI, FC, NVMe-oF');
INSERT INTO `product_specifications` (`product_id`, `spec_key`, `spec_value`) VALUES (46, 'RAID Support', '0, 1, 5, 6, 10');
INSERT INTO `inventories` (`id`, `active`, `available_quantity`, `created_at`, `currency`, `price`, `reserved_quantity`, `sold_quantity`, `updated_at`, `product_id`, `max_quantity_per_purchase`) VALUES (46, 1, '4.00', '2025-12-16 17:45:27', 'USD', '33300.00', '0.00', '0.00', '2025-12-16 17:45:27', 46, '1.00');

INSERT INTO `products` (`id`, `brand`, `category_id`, `created_at`, `description`, `is_active`, `is_featured`, `model`, `name`, `sku`, `updated_at`, `average_rating`) VALUES (47, 'IBM', 6, '2025-12-16 17:45:27', 'The FlashSystem 5015 - All Flash 40TB provides high-performance, enterprise-grade storage with advanced data protection and management capabilities. Designed for demanding workloads requiring high availability and low latency.', 1, 0, '40TB', 'FlashSystem 5015 - All Flash 40TB', 'IBM-40TB-047', '2025-12-16 17:45:27', NULL);
INSERT INTO `product_images` (`product_id`, `image_url`, `images_order`) VALUES (47, 'https://images.unsplash.com/photo-1550751827-4bd374c3f58b?w=800', 0);
INSERT INTO `product_images` (`product_id`, `image_url`, `images_order`) VALUES (47, 'https://images.unsplash.com/photo-1484788984921-03950022c9ef?w=800', 1);
INSERT INTO `product_images` (`product_id`, `image_url`, `images_order`) VALUES (47, 'https://images.unsplash.com/photo-1580894732444-8ecded7900cd?w=800', 2);
INSERT INTO `product_specifications` (`product_id`, `spec_key`, `spec_value`) VALUES (47, 'Capacity', '70TB');
INSERT INTO `product_specifications` (`product_id`, `spec_key`, `spec_value`) VALUES (47, 'Drive Type', 'SAS HDD');
INSERT INTO `product_specifications` (`product_id`, `spec_key`, `spec_value`) VALUES (47, 'IOPS', '200K');
INSERT INTO `product_specifications` (`product_id`, `spec_key`, `spec_value`) VALUES (47, 'Protocols', 'iSCSI, FC, NVMe-oF');
INSERT INTO `product_specifications` (`product_id`, `spec_key`, `spec_value`) VALUES (47, 'RAID Support', '0, 1, 5, 6, 10');
INSERT INTO `inventories` (`id`, `active`, `available_quantity`, `created_at`, `currency`, `price`, `reserved_quantity`, `sold_quantity`, `updated_at`, `product_id`, `max_quantity_per_purchase`) VALUES (47, 1, '5.00', '2025-12-16 17:45:27', 'USD', '43446.00', '0.00', '0.00', '2025-12-16 17:45:27', 47, '1.00');

INSERT INTO `products` (`id`, `brand`, `category_id`, `created_at`, `description`, `is_active`, `is_featured`, `model`, `name`, `sku`, `updated_at`, `average_rating`) VALUES (48, 'IBM', 6, '2025-12-16 17:45:27', 'The FlashSystem 5015 - NL-SAS HDD 70TB provides high-performance, enterprise-grade storage with advanced data protection and management capabilities. Designed for demanding workloads requiring high availability and low latency.', 1, 1, '70TB', 'FlashSystem 5015 - NL-SAS HDD 70TB', 'IBM-70TB-048', '2025-12-16 17:45:27', NULL);
INSERT INTO `product_images` (`product_id`, `image_url`, `images_order`) VALUES (48, 'https://images.unsplash.com/photo-1550751827-4bd374c3f58b?w=800', 0);
INSERT INTO `product_images` (`product_id`, `image_url`, `images_order`) VALUES (48, 'https://images.unsplash.com/photo-1484788984921-03950022c9ef?w=800', 1);
INSERT INTO `product_specifications` (`product_id`, `spec_key`, `spec_value`) VALUES (48, 'Capacity', '70TB');
INSERT INTO `product_specifications` (`product_id`, `spec_key`, `spec_value`) VALUES (48, 'Drive Type', 'SAS HDD');
INSERT INTO `product_specifications` (`product_id`, `spec_key`, `spec_value`) VALUES (48, 'IOPS', '200K');
INSERT INTO `product_specifications` (`product_id`, `spec_key`, `spec_value`) VALUES (48, 'Protocols', 'iSCSI, FC, NVMe-oF');
INSERT INTO `product_specifications` (`product_id`, `spec_key`, `spec_value`) VALUES (48, 'RAID Support', '0, 1, 5, 6, 10');
INSERT INTO `inventories` (`id`, `active`, `available_quantity`, `created_at`, `currency`, `price`, `reserved_quantity`, `sold_quantity`, `updated_at`, `product_id`, `max_quantity_per_purchase`) VALUES (48, 1, '7.00', '2025-12-16 17:45:27', 'USD', '20400.00', '0.00', '0.00', '2025-12-16 17:45:27', 48, '1.00');

INSERT INTO `products` (`id`, `brand`, `category_id`, `created_at`, `description`, `is_active`, `is_featured`, `model`, `name`, `sku`, `updated_at`, `average_rating`) VALUES (49, 'IBM', 6, '2025-12-16 17:45:27', 'The FlashSystem 5015 - All Flash 13TB provides high-performance, enterprise-grade storage with advanced data protection and management capabilities. Designed for demanding workloads requiring high availability and low latency.', 1, 1, '13TB', 'FlashSystem 5015 - All Flash 13TB', 'IBM-13TB-049', '2025-12-16 17:45:27', NULL);
INSERT INTO `product_images` (`product_id`, `image_url`, `images_order`) VALUES (49, 'https://images.unsplash.com/photo-1550751827-4bd374c3f58b?w=800', 0);
INSERT INTO `product_images` (`product_id`, `image_url`, `images_order`) VALUES (49, 'https://images.unsplash.com/photo-1580894732444-8ecded7900cd?w=800', 1);
INSERT INTO `product_images` (`product_id`, `image_url`, `images_order`) VALUES (49, 'https://images.unsplash.com/photo-1484788984921-03950022c9ef?w=800', 2);
INSERT INTO `product_specifications` (`product_id`, `spec_key`, `spec_value`) VALUES (49, 'Capacity', '13TB');
INSERT INTO `product_specifications` (`product_id`, `spec_key`, `spec_value`) VALUES (49, 'Drive Type', 'Hybrid');
INSERT INTO `product_specifications` (`product_id`, `spec_key`, `spec_value`) VALUES (49, 'IOPS', '100K');
INSERT INTO `product_specifications` (`product_id`, `spec_key`, `spec_value`) VALUES (49, 'Protocols', 'iSCSI, FC, NVMe-oF');
INSERT INTO `product_specifications` (`product_id`, `spec_key`, `spec_value`) VALUES (49, 'RAID Support', '0, 1, 5, 6, 10');
INSERT INTO `inventories` (`id`, `active`, `available_quantity`, `created_at`, `currency`, `price`, `reserved_quantity`, `sold_quantity`, `updated_at`, `product_id`, `max_quantity_per_purchase`) VALUES (49, 1, '7.00', '2025-12-16 17:45:27', 'USD', '26000.00', '0.00', '1.00', '2025-12-16 17:45:27', 49, '1.00');

INSERT INTO `products` (`id`, `brand`, `category_id`, `created_at`, `description`, `is_active`, `is_featured`, `model`, `name`, `sku`, `updated_at`, `average_rating`) VALUES (50, 'IBM', 6, '2025-12-16 17:45:27', 'The FlashSystem 5015 - All Flash 30TB (partner) provides high-performance, enterprise-grade storage with advanced data protection and management capabilities. Designed for demanding workloads requiring high availability and low latency.', 1, 1, '(partner)', 'FlashSystem 5015 - All Flash 30TB (partner)', 'IBM-PART-050', '2025-12-16 17:45:27', NULL);
INSERT INTO `product_images` (`product_id`, `image_url`, `images_order`) VALUES (50, 'https://images.unsplash.com/photo-1580894732444-8ecded7900cd?w=800', 0);
INSERT INTO `product_images` (`product_id`, `image_url`, `images_order`) VALUES (50, 'https://images.unsplash.com/photo-1484788984921-03950022c9ef?w=800', 1);
INSERT INTO `product_specifications` (`product_id`, `spec_key`, `spec_value`) VALUES (50, 'Capacity', '20TB');
INSERT INTO `product_specifications` (`product_id`, `spec_key`, `spec_value`) VALUES (50, 'Drive Type', 'NL-SAS HDD');
INSERT INTO `product_specifications` (`product_id`, `spec_key`, `spec_value`) VALUES (50, 'IOPS', '100K');
INSERT INTO `product_specifications` (`product_id`, `spec_key`, `spec_value`) VALUES (50, 'Protocols', 'iSCSI, FC, NVMe-oF');
INSERT INTO `product_specifications` (`product_id`, `spec_key`, `spec_value`) VALUES (50, 'RAID Support', '0, 1, 5, 6, 10');
INSERT INTO `inventories` (`id`, `active`, `available_quantity`, `created_at`, `currency`, `price`, `reserved_quantity`, `sold_quantity`, `updated_at`, `product_id`, `max_quantity_per_purchase`) VALUES (50, 1, '7.00', '2025-12-16 17:45:27', 'USD', '40300.00', '0.00', '1.00', '2025-12-16 17:45:27', 50, '1.00');

INSERT INTO `products` (`id`, `brand`, `category_id`, `created_at`, `description`, `is_active`, `is_featured`, `model`, `name`, `sku`, `updated_at`, `average_rating`) VALUES (51, 'Supermicro', 2, '2025-12-16 17:45:27', 'The Supermicro SYS-421GE-TNRT (GPU Server) is an enterprise-class solution optimized for AI, HPC, and data-intensive workloads. Featuring robust design and exceptional thermal management for 24/7 operation.', 1, 0, 'Server)', 'Supermicro SYS-421GE-TNRT (GPU Server)', 'SUP-SERV-051', '2025-12-16 17:45:27', NULL);
INSERT INTO `product_images` (`product_id`, `image_url`, `images_order`) VALUES (51, 'https://images.unsplash.com/photo-1558494949-ef010cbdcc31?w=800', 0);
INSERT INTO `product_images` (`product_id`, `image_url`, `images_order`) VALUES (51, 'https://images.unsplash.com/photo-1597852074816-d933c7d2b988?w=800', 1);
INSERT INTO `product_specifications` (`product_id`, `spec_key`, `spec_value`) VALUES (51, 'Form Factor', '1U');
INSERT INTO `product_specifications` (`product_id`, `spec_key`, `spec_value`) VALUES (51, 'GPU Slots', '10');
INSERT INTO `product_specifications` (`product_id`, `spec_key`, `spec_value`) VALUES (51, 'CPU Sockets', '2');
INSERT INTO `product_specifications` (`product_id`, `spec_key`, `spec_value`) VALUES (51, 'Memory Slots', '16');
INSERT INTO `product_specifications` (`product_id`, `spec_key`, `spec_value`) VALUES (51, 'Power Supply', '2400W');
INSERT INTO `inventories` (`id`, `active`, `available_quantity`, `created_at`, `currency`, `price`, `reserved_quantity`, `sold_quantity`, `updated_at`, `product_id`, `max_quantity_per_purchase`) VALUES (51, 1, '4.00', '2025-12-16 17:45:27', 'USD', '61043.00', '0.00', '0.00', '2025-12-16 17:45:27', 51, '1.00');

INSERT INTO `products` (`id`, `brand`, `category_id`, `created_at`, `description`, `is_active`, `is_featured`, `model`, `name`, `sku`, `updated_at`, `average_rating`) VALUES (52, 'Supermicro', 2, '2025-12-16 17:45:27', 'The Supermicro SYS-821GE-TNHR (GPU Server) is an enterprise-class solution optimized for AI, HPC, and data-intensive workloads. Featuring robust design and exceptional thermal management for 24/7 operation.', 1, 0, 'Server)', 'Supermicro SYS-821GE-TNHR (GPU Server)', 'SUP-SERV-052', '2025-12-16 17:45:27', NULL);
INSERT INTO `product_images` (`product_id`, `image_url`, `images_order`) VALUES (52, 'https://images.unsplash.com/photo-1597852074816-d933c7d2b988?w=800', 0);
INSERT INTO `product_images` (`product_id`, `image_url`, `images_order`) VALUES (52, 'https://images.unsplash.com/photo-1558494949-ef010cbdcc31?w=800', 1);
INSERT INTO `product_images` (`product_id`, `image_url`, `images_order`) VALUES (52, 'https://images.unsplash.com/photo-1544197150-b99a580bb7a8?w=800', 2);
INSERT INTO `product_specifications` (`product_id`, `spec_key`, `spec_value`) VALUES (52, 'Form Factor', '2U');
INSERT INTO `product_specifications` (`product_id`, `spec_key`, `spec_value`) VALUES (52, 'GPU Slots', '10');
INSERT INTO `product_specifications` (`product_id`, `spec_key`, `spec_value`) VALUES (52, 'CPU Sockets', '2');
INSERT INTO `product_specifications` (`product_id`, `spec_key`, `spec_value`) VALUES (52, 'Memory Slots', '24');
INSERT INTO `product_specifications` (`product_id`, `spec_key`, `spec_value`) VALUES (52, 'Power Supply', '3000W');
INSERT INTO `inventories` (`id`, `active`, `available_quantity`, `created_at`, `currency`, `price`, `reserved_quantity`, `sold_quantity`, `updated_at`, `product_id`, `max_quantity_per_purchase`) VALUES (52, 1, '5.00', '2025-12-16 17:45:27', 'USD', '75620.00', '0.00', '0.00', '2025-12-16 17:45:27', 52, '1.00');

INSERT INTO `products` (`id`, `brand`, `category_id`, `created_at`, `description`, `is_active`, `is_featured`, `model`, `name`, `sku`, `updated_at`, `average_rating`) VALUES (53, 'Supermicro', 2, '2025-12-16 17:45:27', 'The Supermicro AS-4125GS-TNRT (GPU Server) is an enterprise-class solution optimized for AI, HPC, and data-intensive workloads. Featuring robust design and exceptional thermal management for 24/7 operation.', 1, 0, 'Server)', 'Supermicro AS-4125GS-TNRT (GPU Server)', 'SUP-SERV-053', '2025-12-16 17:45:27', NULL);
INSERT INTO `product_images` (`product_id`, `image_url`, `images_order`) VALUES (53, 'https://images.unsplash.com/photo-1558494949-ef010cbdcc31?w=800', 0);
INSERT INTO `product_images` (`product_id`, `image_url`, `images_order`) VALUES (53, 'https://images.unsplash.com/photo-1544197150-b99a580bb7a8?w=800', 1);
INSERT INTO `product_images` (`product_id`, `image_url`, `images_order`) VALUES (53, 'https://images.unsplash.com/photo-1597852074816-d933c7d2b988?w=800', 2);
INSERT INTO `product_specifications` (`product_id`, `spec_key`, `spec_value`) VALUES (53, 'Form Factor', '2U');
INSERT INTO `product_specifications` (`product_id`, `spec_key`, `spec_value`) VALUES (53, 'GPU Slots', '8');
INSERT INTO `product_specifications` (`product_id`, `spec_key`, `spec_value`) VALUES (53, 'CPU Sockets', '2');
INSERT INTO `product_specifications` (`product_id`, `spec_key`, `spec_value`) VALUES (53, 'Memory Slots', '16');
INSERT INTO `product_specifications` (`product_id`, `spec_key`, `spec_value`) VALUES (53, 'Power Supply', '3000W');
INSERT INTO `inventories` (`id`, `active`, `available_quantity`, `created_at`, `currency`, `price`, `reserved_quantity`, `sold_quantity`, `updated_at`, `product_id`, `max_quantity_per_purchase`) VALUES (53, 1, '5.00', '2025-12-16 17:45:27', 'USD', '52208.00', '0.00', '0.00', '2025-12-16 17:45:27', 53, '1.00');

INSERT INTO `products` (`id`, `brand`, `category_id`, `created_at`, `description`, `is_active`, `is_featured`, `model`, `name`, `sku`, `updated_at`, `average_rating`) VALUES (54, 'Supermicro', 2, '2025-12-16 17:45:27', 'The Supermicro AS-2125HS-TNR (HPC Server) is an enterprise-class solution optimized for AI, HPC, and data-intensive workloads. Featuring robust design and exceptional thermal management for 24/7 operation.', 1, 0, 'Server)', 'Supermicro AS-2125HS-TNR (HPC Server)', 'SUP-SERV-054', '2025-12-16 17:45:27', NULL);
INSERT INTO `product_images` (`product_id`, `image_url`, `images_order`) VALUES (54, 'https://images.unsplash.com/photo-1544197150-b99a580bb7a8?w=800', 0);
INSERT INTO `product_images` (`product_id`, `image_url`, `images_order`) VALUES (54, 'https://images.unsplash.com/photo-1558494949-ef010cbdcc31?w=800', 1);
INSERT INTO `product_images` (`product_id`, `image_url`, `images_order`) VALUES (54, 'https://images.unsplash.com/photo-1597852074816-d933c7d2b988?w=800', 2);
INSERT INTO `product_specifications` (`product_id`, `spec_key`, `spec_value`) VALUES (54, 'Form Factor', 'Blade');
INSERT INTO `product_specifications` (`product_id`, `spec_key`, `spec_value`) VALUES (54, 'GPU Slots', '10');
INSERT INTO `product_specifications` (`product_id`, `spec_key`, `spec_value`) VALUES (54, 'CPU Sockets', '2');
INSERT INTO `product_specifications` (`product_id`, `spec_key`, `spec_value`) VALUES (54, 'Memory Slots', '24');
INSERT INTO `product_specifications` (`product_id`, `spec_key`, `spec_value`) VALUES (54, 'Power Supply', '3000W');
INSERT INTO `inventories` (`id`, `active`, `available_quantity`, `created_at`, `currency`, `price`, `reserved_quantity`, `sold_quantity`, `updated_at`, `product_id`, `max_quantity_per_purchase`) VALUES (54, 1, '8.00', '2025-12-16 17:45:27', 'USD', '48645.00', '0.00', '1.00', '2025-12-16 17:45:27', 54, '1.00');

INSERT INTO `products` (`id`, `brand`, `category_id`, `created_at`, `description`, `is_active`, `is_featured`, `model`, `name`, `sku`, `updated_at`, `average_rating`) VALUES (55, 'Supermicro', 2, '2025-12-16 17:45:27', 'The Supermicro SYS-621BT-HNTR (Blade) is an enterprise-class solution optimized for AI, HPC, and data-intensive workloads. Featuring robust design and exceptional thermal management for 24/7 operation.', 1, 0, '(Blade)', 'Supermicro SYS-621BT-HNTR (Blade)', 'SUP-BLAD-055', '2025-12-16 17:45:27', NULL);
INSERT INTO `product_images` (`product_id`, `image_url`, `images_order`) VALUES (55, 'https://images.unsplash.com/photo-1558494949-ef010cbdcc31?w=800', 0);
INSERT INTO `product_images` (`product_id`, `image_url`, `images_order`) VALUES (55, 'https://images.unsplash.com/photo-1597852074816-d933c7d2b988?w=800', 1);
INSERT INTO `product_specifications` (`product_id`, `spec_key`, `spec_value`) VALUES (55, 'Form Factor', 'Blade');
INSERT INTO `product_specifications` (`product_id`, `spec_key`, `spec_value`) VALUES (55, 'GPU Slots', '4');
INSERT INTO `product_specifications` (`product_id`, `spec_key`, `spec_value`) VALUES (55, 'CPU Sockets', '2');
INSERT INTO `product_specifications` (`product_id`, `spec_key`, `spec_value`) VALUES (55, 'Memory Slots', '32');
INSERT INTO `product_specifications` (`product_id`, `spec_key`, `spec_value`) VALUES (55, 'Power Supply', '1600W');
INSERT INTO `inventories` (`id`, `active`, `available_quantity`, `created_at`, `currency`, `price`, `reserved_quantity`, `sold_quantity`, `updated_at`, `product_id`, `max_quantity_per_purchase`) VALUES (55, 1, '8.00', '2025-12-16 17:45:27', 'USD', '36998.00', '0.00', '1.00', '2025-12-16 17:45:27', 55, '1.00');

INSERT INTO `products` (`id`, `brand`, `category_id`, `created_at`, `description`, `is_active`, `is_featured`, `model`, `name`, `sku`, `updated_at`, `average_rating`) VALUES (56, 'Supermicro', 2, '2025-12-16 17:45:27', 'The Supermicro SuperBlade SBA-7149 is an enterprise-class solution optimized for AI, HPC, and data-intensive workloads. Featuring robust design and exceptional thermal management for 24/7 operation.', 1, 0, 'SBA-7149', 'Supermicro SuperBlade SBA-7149', 'SUP-SBA7-056', '2025-12-16 17:45:27', NULL);
INSERT INTO `product_images` (`product_id`, `image_url`, `images_order`) VALUES (56, 'https://images.unsplash.com/photo-1597852074816-d933c7d2b988?w=800', 0);
INSERT INTO `product_images` (`product_id`, `image_url`, `images_order`) VALUES (56, 'https://images.unsplash.com/photo-1558494949-ef010cbdcc31?w=800', 1);
INSERT INTO `product_images` (`product_id`, `image_url`, `images_order`) VALUES (56, 'https://images.unsplash.com/photo-1544197150-b99a580bb7a8?w=800', 2);
INSERT INTO `product_specifications` (`product_id`, `spec_key`, `spec_value`) VALUES (56, 'Form Factor', 'Blade');
INSERT INTO `product_specifications` (`product_id`, `spec_key`, `spec_value`) VALUES (56, 'GPU Slots', '8');
INSERT INTO `product_specifications` (`product_id`, `spec_key`, `spec_value`) VALUES (56, 'CPU Sockets', '2');
INSERT INTO `product_specifications` (`product_id`, `spec_key`, `spec_value`) VALUES (56, 'Memory Slots', '32');
INSERT INTO `product_specifications` (`product_id`, `spec_key`, `spec_value`) VALUES (56, 'Power Supply', '2000W');
INSERT INTO `inventories` (`id`, `active`, `available_quantity`, `created_at`, `currency`, `price`, `reserved_quantity`, `sold_quantity`, `updated_at`, `product_id`, `max_quantity_per_purchase`) VALUES (56, 1, '3.00', '2025-12-16 17:45:27', 'USD', '94422.00', '0.00', '0.00', '2025-12-16 17:45:27', 56, '1.00');

INSERT INTO `products` (`id`, `brand`, `category_id`, `created_at`, `description`, `is_active`, `is_featured`, `model`, `name`, `sku`, `updated_at`, `average_rating`) VALUES (57, 'Intel', 1, '2025-12-16 17:45:27', 'The Arc A770 Graphics (Limited Edition) represents Intel''s entry into high-performance graphics with competitive features and excellent value. Designed for gamers and content creators seeking reliable performance.', 1, 0, 'Arc A770', 'Arc A770 Graphics (Limited Edition)', 'INT-EDIT-057', '2025-12-16 17:45:27', NULL);
INSERT INTO `product_images` (`product_id`, `image_url`, `images_order`) VALUES (57, 'https://images.unsplash.com/photo-1555617981-dac3880eac6e?w=800', 0);
INSERT INTO `product_images` (`product_id`, `image_url`, `images_order`) VALUES (57, 'https://images.unsplash.com/photo-1587202372583-49330a15584d?w=800', 1);
INSERT INTO `product_images` (`product_id`, `image_url`, `images_order`) VALUES (57, 'https://images.unsplash.com/photo-1591488320449-011701bb6704?w=800', 2);
INSERT INTO `product_specifications` (`product_id`, `spec_key`, `spec_value`) VALUES (57, 'Memory', '12GB GDDR6X');
INSERT INTO `product_specifications` (`product_id`, `spec_key`, `spec_value`) VALUES (57, 'CUDA Cores', '3584');
INSERT INTO `product_specifications` (`product_id`, `spec_key`, `spec_value`) VALUES (57, 'Boost Clock', '2.6 GHz');
INSERT INTO `product_specifications` (`product_id`, `spec_key`, `spec_value`) VALUES (57, 'TDP', '220W');
INSERT INTO `product_specifications` (`product_id`, `spec_key`, `spec_value`) VALUES (57, 'Memory Bandwidth', '448 GB/s');
INSERT INTO `inventories` (`id`, `active`, `available_quantity`, `created_at`, `currency`, `price`, `reserved_quantity`, `sold_quantity`, `updated_at`, `product_id`, `max_quantity_per_purchase`) VALUES (57, 1, '35.00', '2025-12-16 17:45:27', 'USD', '329.00', '0.00', '1.00', '2025-12-16 17:45:27', 57, '5.00');

INSERT INTO `products` (`id`, `brand`, `category_id`, `created_at`, `description`, `is_active`, `is_featured`, `model`, `name`, `sku`, `updated_at`, `average_rating`) VALUES (58, 'Intel', 1, '2025-12-16 17:45:27', 'The Arc A750 Graphics (Limited Edition) represents Intel''s entry into high-performance graphics with competitive features and excellent value. Designed for gamers and content creators seeking reliable performance.', 1, 0, 'Arc A750', 'Arc A750 Graphics (Limited Edition)', 'INT-EDIT-058', '2025-12-16 17:45:27', NULL);
INSERT INTO `product_images` (`product_id`, `image_url`, `images_order`) VALUES (58, 'https://images.unsplash.com/photo-1591488320449-011701bb6704?w=800', 0);
INSERT INTO `product_images` (`product_id`, `image_url`, `images_order`) VALUES (58, 'https://images.unsplash.com/photo-1555617981-dac3880eac6e?w=800', 1);
INSERT INTO `product_images` (`product_id`, `image_url`, `images_order`) VALUES (58, 'https://images.unsplash.com/photo-1587202372583-49330a15584d?w=800', 2);
INSERT INTO `product_specifications` (`product_id`, `spec_key`, `spec_value`) VALUES (58, 'Memory', '16GB GDDR6X');
INSERT INTO `product_specifications` (`product_id`, `spec_key`, `spec_value`) VALUES (58, 'CUDA Cores', '7680');
INSERT INTO `product_specifications` (`product_id`, `spec_key`, `spec_value`) VALUES (58, 'Boost Clock', '2.8 GHz');
INSERT INTO `product_specifications` (`product_id`, `spec_key`, `spec_value`) VALUES (58, 'TDP', '285W');
INSERT INTO `product_specifications` (`product_id`, `spec_key`, `spec_value`) VALUES (58, 'Memory Bandwidth', '616 GB/s');
INSERT INTO `inventories` (`id`, `active`, `available_quantity`, `created_at`, `currency`, `price`, `reserved_quantity`, `sold_quantity`, `updated_at`, `product_id`, `max_quantity_per_purchase`) VALUES (58, 1, '51.00', '2025-12-16 17:45:27', 'USD', '289.00', '0.00', '5.00', '2025-12-16 17:45:27', 58, '5.00');

INSERT INTO `products` (`id`, `brand`, `category_id`, `created_at`, `description`, `is_active`, `is_featured`, `model`, `name`, `sku`, `updated_at`, `average_rating`) VALUES (59, 'Intel', 2, '2025-12-16 17:45:27', 'The Intel Xeon 6 6900P delivers exceptional performance for enterprise workloads with Intel''s proven Xeon architecture. Optimized for virtualization, cloud computing, and mission-critical applications.', 1, 0, '6900P', 'Intel Xeon 6 6900P', 'INT-6900-059', '2025-12-16 17:45:27', NULL);
INSERT INTO `product_images` (`product_id`, `image_url`, `images_order`) VALUES (59, 'https://images.unsplash.com/photo-1558494949-ef010cbdcc31?w=800', 0);
INSERT INTO `product_images` (`product_id`, `image_url`, `images_order`) VALUES (59, 'https://images.unsplash.com/photo-1597852074816-d933c7d2b988?w=800', 1);
INSERT INTO `product_specifications` (`product_id`, `spec_key`, `spec_value`) VALUES (59, 'Cores', '16');
INSERT INTO `product_specifications` (`product_id`, `spec_key`, `spec_value`) VALUES (59, 'Base Clock', '2.0 GHz');
INSERT INTO `product_specifications` (`product_id`, `spec_key`, `spec_value`) VALUES (59, 'Boost Clock', '3.5 GHz');
INSERT INTO `product_specifications` (`product_id`, `spec_key`, `spec_value`) VALUES (59, 'Cache', '256MB');
INSERT INTO `product_specifications` (`product_id`, `spec_key`, `spec_value`) VALUES (59, 'TDP', '225W');
INSERT INTO `product_specifications` (`product_id`, `spec_key`, `spec_value`) VALUES (59, 'Memory Support', 'DDR5-5600');
INSERT INTO `inventories` (`id`, `active`, `available_quantity`, `created_at`, `currency`, `price`, `reserved_quantity`, `sold_quantity`, `updated_at`, `product_id`, `max_quantity_per_purchase`) VALUES (59, 1, '7.00', '2025-12-16 17:45:27', 'USD', '8442.00', '0.00', '1.00', '2025-12-16 17:45:27', 59, '2.00');

INSERT INTO `products` (`id`, `brand`, `category_id`, `created_at`, `description`, `is_active`, `is_featured`, `model`, `name`, `sku`, `updated_at`, `average_rating`) VALUES (60, 'Intel', 2, '2025-12-16 17:45:27', 'The Intel Xeon 6 6700E delivers exceptional performance for enterprise workloads with Intel''s proven Xeon architecture. Optimized for virtualization, cloud computing, and mission-critical applications.', 1, 0, '6700E', 'Intel Xeon 6 6700E', 'INT-6700-060', '2025-12-16 17:45:27', NULL);
INSERT INTO `product_images` (`product_id`, `image_url`, `images_order`) VALUES (60, 'https://images.unsplash.com/photo-1597852074816-d933c7d2b988?w=800', 0);
INSERT INTO `product_images` (`product_id`, `image_url`, `images_order`) VALUES (60, 'https://images.unsplash.com/photo-1558494949-ef010cbdcc31?w=800', 1);
INSERT INTO `product_specifications` (`product_id`, `spec_key`, `spec_value`) VALUES (60, 'Cores', '96');
INSERT INTO `product_specifications` (`product_id`, `spec_key`, `spec_value`) VALUES (60, 'Base Clock', '2.7 GHz');
INSERT INTO `product_specifications` (`product_id`, `spec_key`, `spec_value`) VALUES (60, 'Boost Clock', '3.5 GHz');
INSERT INTO `product_specifications` (`product_id`, `spec_key`, `spec_value`) VALUES (60, 'Cache', '384MB');
INSERT INTO `product_specifications` (`product_id`, `spec_key`, `spec_value`) VALUES (60, 'TDP', '400W');
INSERT INTO `product_specifications` (`product_id`, `spec_key`, `spec_value`) VALUES (60, 'Memory Support', 'DDR5-5600');
INSERT INTO `inventories` (`id`, `active`, `available_quantity`, `created_at`, `currency`, `price`, `reserved_quantity`, `sold_quantity`, `updated_at`, `product_id`, `max_quantity_per_purchase`) VALUES (60, 1, '7.00', '2025-12-16 17:45:27', 'USD', '7259.00', '0.00', '0.00', '2025-12-16 17:45:27', 60, '2.00');

INSERT INTO `products` (`id`, `brand`, `category_id`, `created_at`, `description`, `is_active`, `is_featured`, `model`, `name`, `sku`, `updated_at`, `average_rating`) VALUES (61, 'Intel', 2, '2025-12-16 17:45:27', 'The Intel Xeon Scalable 5th Gen 8592+ delivers exceptional performance for enterprise workloads with Intel''s proven Xeon architecture. Optimized for virtualization, cloud computing, and mission-critical applications.', 1, 0, '8592+', 'Intel Xeon Scalable 5th Gen 8592+', 'INT-8592-061', '2025-12-16 17:45:27', NULL);
INSERT INTO `product_images` (`product_id`, `image_url`, `images_order`) VALUES (61, 'https://images.unsplash.com/photo-1597852074816-d933c7d2b988?w=800', 0);
INSERT INTO `product_images` (`product_id`, `image_url`, `images_order`) VALUES (61, 'https://images.unsplash.com/photo-1558494949-ef010cbdcc31?w=800', 1);
INSERT INTO `product_images` (`product_id`, `image_url`, `images_order`) VALUES (61, 'https://images.unsplash.com/photo-1544197150-b99a580bb7a8?w=800', 2);
INSERT INTO `product_specifications` (`product_id`, `spec_key`, `spec_value`) VALUES (61, 'Cores', '128');
INSERT INTO `product_specifications` (`product_id`, `spec_key`, `spec_value`) VALUES (61, 'Base Clock', '2.7 GHz');
INSERT INTO `product_specifications` (`product_id`, `spec_key`, `spec_value`) VALUES (61, 'Boost Clock', '3.9 GHz');
INSERT INTO `product_specifications` (`product_id`, `spec_key`, `spec_value`) VALUES (61, 'Cache', '384MB');
INSERT INTO `product_specifications` (`product_id`, `spec_key`, `spec_value`) VALUES (61, 'TDP', '360W');
INSERT INTO `product_specifications` (`product_id`, `spec_key`, `spec_value`) VALUES (61, 'Memory Support', 'DDR5-4800');
INSERT INTO `inventories` (`id`, `active`, `available_quantity`, `created_at`, `currency`, `price`, `reserved_quantity`, `sold_quantity`, `updated_at`, `product_id`, `max_quantity_per_purchase`) VALUES (61, 1, '8.00', '2025-12-16 17:45:27', 'USD', '5774.00', '0.00', '0.00', '2025-12-16 17:45:27', 61, '2.00');

INSERT INTO `products` (`id`, `brand`, `category_id`, `created_at`, `description`, `is_active`, `is_featured`, `model`, `name`, `sku`, `updated_at`, `average_rating`) VALUES (62, 'NVIDIA', 5, '2025-12-16 17:45:27', 'The Jetson Orin Nano 8GB Module brings powerful AI computing to edge devices, enabling real-time inference and autonomous operation. Perfect for robotics, industrial automation, and intelligent edge applications.', 1, 0, 'Module', 'Jetson Orin Nano 8GB Module', 'NVI-MODU-062', '2025-12-16 17:45:27', NULL);
INSERT INTO `product_images` (`product_id`, `image_url`, `images_order`) VALUES (62, 'https://images.unsplash.com/photo-1573164713988-8665fc963095?w=800', 0);
INSERT INTO `product_images` (`product_id`, `image_url`, `images_order`) VALUES (62, 'https://images.unsplash.com/photo-1531297484001-80022131f5a1?w=800', 1);
INSERT INTO `product_specifications` (`product_id`, `spec_key`, `spec_value`) VALUES (62, 'GPU Cores', '512');
INSERT INTO `product_specifications` (`product_id`, `spec_key`, `spec_value`) VALUES (62, 'CPU', '6-core ARM');
INSERT INTO `product_specifications` (`product_id`, `spec_key`, `spec_value`) VALUES (62, 'Memory', '64GB');
INSERT INTO `product_specifications` (`product_id`, `spec_key`, `spec_value`) VALUES (62, 'AI Performance', '20 TOPS');
INSERT INTO `product_specifications` (`product_id`, `spec_key`, `spec_value`) VALUES (62, 'Power', '40-60W');
INSERT INTO `inventories` (`id`, `active`, `available_quantity`, `created_at`, `currency`, `price`, `reserved_quantity`, `sold_quantity`, `updated_at`, `product_id`, `max_quantity_per_purchase`) VALUES (62, 1, '13.00', '2025-12-16 17:45:27', 'USD', '362.00', '0.00', '0.00', '2025-12-16 17:45:27', 62, '5.00');

INSERT INTO `products` (`id`, `brand`, `category_id`, `created_at`, `description`, `is_active`, `is_featured`, `model`, `name`, `sku`, `updated_at`, `average_rating`) VALUES (63, 'NVIDIA', 5, '2025-12-16 17:45:27', 'The Jetson Orin NX 8GB Module brings powerful AI computing to edge devices, enabling real-time inference and autonomous operation. Perfect for robotics, industrial automation, and intelligent edge applications.', 1, 0, 'Module', 'Jetson Orin NX 8GB Module', 'NVI-MODU-063', '2025-12-16 17:45:27', NULL);
INSERT INTO `product_images` (`product_id`, `image_url`, `images_order`) VALUES (63, 'https://images.unsplash.com/photo-1531297484001-80022131f5a1?w=800', 0);
INSERT INTO `product_images` (`product_id`, `image_url`, `images_order`) VALUES (63, 'https://images.unsplash.com/photo-1573164713988-8665fc963095?w=800', 1);
INSERT INTO `product_images` (`product_id`, `image_url`, `images_order`) VALUES (63, 'https://images.unsplash.com/photo-1518770660439-4636190af475?w=800', 2);
INSERT INTO `product_specifications` (`product_id`, `spec_key`, `spec_value`) VALUES (63, 'GPU Cores', '1024');
INSERT INTO `product_specifications` (`product_id`, `spec_key`, `spec_value`) VALUES (63, 'CPU', '12-core ARM');
INSERT INTO `product_specifications` (`product_id`, `spec_key`, `spec_value`) VALUES (63, 'Memory', '64GB');
INSERT INTO `product_specifications` (`product_id`, `spec_key`, `spec_value`) VALUES (63, 'AI Performance', '20 TOPS');
INSERT INTO `product_specifications` (`product_id`, `spec_key`, `spec_value`) VALUES (63, 'Power', '7-15W');
INSERT INTO `inventories` (`id`, `active`, `available_quantity`, `created_at`, `currency`, `price`, `reserved_quantity`, `sold_quantity`, `updated_at`, `product_id`, `max_quantity_per_purchase`) VALUES (63, 1, '21.00', '2025-12-16 17:45:27', 'USD', '381.00', '0.00', '0.00', '2025-12-16 17:45:27', 63, '5.00');

INSERT INTO `products` (`id`, `brand`, `category_id`, `created_at`, `description`, `is_active`, `is_featured`, `model`, `name`, `sku`, `updated_at`, `average_rating`) VALUES (64, 'NVIDIA', 5, '2025-12-16 17:45:27', 'The Jetson Orin NX 16GB Module brings powerful AI computing to edge devices, enabling real-time inference and autonomous operation. Perfect for robotics, industrial automation, and intelligent edge applications.', 1, 0, 'Module', 'Jetson Orin NX 16GB Module', 'NVI-MODU-064', '2025-12-16 17:45:27', NULL);
INSERT INTO `product_images` (`product_id`, `image_url`, `images_order`) VALUES (64, 'https://images.unsplash.com/photo-1518770660439-4636190af475?w=800', 0);
INSERT INTO `product_images` (`product_id`, `image_url`, `images_order`) VALUES (64, 'https://images.unsplash.com/photo-1573164713988-8665fc963095?w=800', 1);
INSERT INTO `product_specifications` (`product_id`, `spec_key`, `spec_value`) VALUES (64, 'GPU Cores', '1024');
INSERT INTO `product_specifications` (`product_id`, `spec_key`, `spec_value`) VALUES (64, 'CPU', '8-core ARM');
INSERT INTO `product_specifications` (`product_id`, `spec_key`, `spec_value`) VALUES (64, 'Memory', '16GB');
INSERT INTO `product_specifications` (`product_id`, `spec_key`, `spec_value`) VALUES (64, 'AI Performance', '100 TOPS');
INSERT INTO `product_specifications` (`product_id`, `spec_key`, `spec_value`) VALUES (64, 'Power', '40-60W');
INSERT INTO `inventories` (`id`, `active`, `available_quantity`, `created_at`, `currency`, `price`, `reserved_quantity`, `sold_quantity`, `updated_at`, `product_id`, `max_quantity_per_purchase`) VALUES (64, 1, '23.00', '2025-12-16 17:45:27', 'USD', '544.00', '0.00', '3.00', '2025-12-16 17:45:27', 64, '5.00');

INSERT INTO `products` (`id`, `brand`, `category_id`, `created_at`, `description`, `is_active`, `is_featured`, `model`, `name`, `sku`, `updated_at`, `average_rating`) VALUES (65, 'NVIDIA', 5, '2025-12-16 17:45:27', 'The Jetson AGX Orin 64GB Module brings powerful AI computing to edge devices, enabling real-time inference and autonomous operation. Perfect for robotics, industrial automation, and intelligent edge applications.', 1, 0, 'Module', 'Jetson AGX Orin 64GB Module', 'NVI-MODU-065', '2025-12-16 17:45:27', NULL);
INSERT INTO `product_images` (`product_id`, `image_url`, `images_order`) VALUES (65, 'https://images.unsplash.com/photo-1573164713988-8665fc963095?w=800', 0);
INSERT INTO `product_images` (`product_id`, `image_url`, `images_order`) VALUES (65, 'https://images.unsplash.com/photo-1531297484001-80022131f5a1?w=800', 1);
INSERT INTO `product_specifications` (`product_id`, `spec_key`, `spec_value`) VALUES (65, 'GPU Cores', '512');
INSERT INTO `product_specifications` (`product_id`, `spec_key`, `spec_value`) VALUES (65, 'CPU', '12-core ARM');
INSERT INTO `product_specifications` (`product_id`, `spec_key`, `spec_value`) VALUES (65, 'Memory', '32GB');
INSERT INTO `product_specifications` (`product_id`, `spec_key`, `spec_value`) VALUES (65, 'AI Performance', '40 TOPS');
INSERT INTO `product_specifications` (`product_id`, `spec_key`, `spec_value`) VALUES (65, 'Power', '7-15W');
INSERT INTO `inventories` (`id`, `active`, `available_quantity`, `created_at`, `currency`, `price`, `reserved_quantity`, `sold_quantity`, `updated_at`, `product_id`, `max_quantity_per_purchase`) VALUES (65, 1, '21.00', '2025-12-16 17:45:27', 'USD', '865.00', '0.00', '2.00', '2025-12-16 17:45:27', 65, '5.00');

INSERT INTO `products` (`id`, `brand`, `category_id`, `created_at`, `description`, `is_active`, `is_featured`, `model`, `name`, `sku`, `updated_at`, `average_rating`) VALUES (66, 'NVIDIA', 5, '2025-12-16 17:45:27', 'The Jetson AGX Orin 32GB Module brings powerful AI computing to edge devices, enabling real-time inference and autonomous operation. Perfect for robotics, industrial automation, and intelligent edge applications.', 1, 0, 'Module', 'Jetson AGX Orin 32GB Module', 'NVI-MODU-066', '2025-12-16 17:45:27', NULL);
INSERT INTO `product_images` (`product_id`, `image_url`, `images_order`) VALUES (66, 'https://images.unsplash.com/photo-1531297484001-80022131f5a1?w=800', 0);
INSERT INTO `product_images` (`product_id`, `image_url`, `images_order`) VALUES (66, 'https://images.unsplash.com/photo-1573164713988-8665fc963095?w=800', 1);
INSERT INTO `product_specifications` (`product_id`, `spec_key`, `spec_value`) VALUES (66, 'GPU Cores', '1024');
INSERT INTO `product_specifications` (`product_id`, `spec_key`, `spec_value`) VALUES (66, 'CPU', '6-core ARM');
INSERT INTO `product_specifications` (`product_id`, `spec_key`, `spec_value`) VALUES (66, 'Memory', '64GB');
INSERT INTO `product_specifications` (`product_id`, `spec_key`, `spec_value`) VALUES (66, 'AI Performance', '40 TOPS');
INSERT INTO `product_specifications` (`product_id`, `spec_key`, `spec_value`) VALUES (66, 'Power', '25-40W');
INSERT INTO `inventories` (`id`, `active`, `available_quantity`, `created_at`, `currency`, `price`, `reserved_quantity`, `sold_quantity`, `updated_at`, `product_id`, `max_quantity_per_purchase`) VALUES (66, 1, '11.00', '2025-12-16 17:45:27', 'USD', '868.00', '0.00', '0.00', '2025-12-16 17:45:27', 66, '5.00');

INSERT INTO `products` (`id`, `brand`, `category_id`, `created_at`, `description`, `is_active`, `is_featured`, `model`, `name`, `sku`, `updated_at`, `average_rating`) VALUES (67, 'AMD', 4, '2025-12-16 17:45:27', 'The Ryzen AI 9 HX 370 combines high-performance computing with energy efficiency, featuring AMD''s latest architecture. Perfect for gaming, content creation, and professional workloads.', 1, 0, '370', 'Ryzen AI 9 HX 370', 'AMD-370-067', '2025-12-16 17:45:27', NULL);
INSERT INTO `product_images` (`product_id`, `image_url`, `images_order`) VALUES (67, 'https://images.unsplash.com/photo-1608564697071-ddf911d81370?w=800', 0);
INSERT INTO `product_images` (`product_id`, `image_url`, `images_order`) VALUES (67, 'https://images.unsplash.com/photo-1517077304055-6e89abbf09b0?w=800', 1);
INSERT INTO `product_images` (`product_id`, `image_url`, `images_order`) VALUES (67, 'https://images.unsplash.com/photo-1593640408182-31c70c8268f5?w=800', 2);
INSERT INTO `product_specifications` (`product_id`, `spec_key`, `spec_value`) VALUES (67, 'Cores', '16');
INSERT INTO `product_specifications` (`product_id`, `spec_key`, `spec_value`) VALUES (67, 'Threads', '16');
INSERT INTO `product_specifications` (`product_id`, `spec_key`, `spec_value`) VALUES (67, 'Base Clock', '4.0 GHz');
INSERT INTO `product_specifications` (`product_id`, `spec_key`, `spec_value`) VALUES (67, 'Boost Clock', '5.0 GHz');
INSERT INTO `product_specifications` (`product_id`, `spec_key`, `spec_value`) VALUES (67, 'Cache', '96MB');
INSERT INTO `inventories` (`id`, `active`, `available_quantity`, `created_at`, `currency`, `price`, `reserved_quantity`, `sold_quantity`, `updated_at`, `product_id`, `max_quantity_per_purchase`) VALUES (67, 1, '21.00', '2025-12-16 17:45:27', 'USD', '508.00', '0.00', '1.00', '2025-12-16 17:45:27', 67, '5.00');

INSERT INTO `products` (`id`, `brand`, `category_id`, `created_at`, `description`, `is_active`, `is_featured`, `model`, `name`, `sku`, `updated_at`, `average_rating`) VALUES (68, 'AMD', 4, '2025-12-16 17:45:27', 'The Ryzen 9 7950X3D (desktop) combines high-performance computing with energy efficiency, featuring AMD''s latest architecture. Perfect for gaming, content creation, and professional workloads.', 1, 0, '(desktop)', 'Ryzen 9 7950X3D (desktop)', 'AMD-DESK-068', '2025-12-16 17:45:27', NULL);
INSERT INTO `product_images` (`product_id`, `image_url`, `images_order`) VALUES (68, 'https://images.unsplash.com/photo-1593640408182-31c70c8268f5?w=800', 0);
INSERT INTO `product_images` (`product_id`, `image_url`, `images_order`) VALUES (68, 'https://images.unsplash.com/photo-1608564697071-ddf911d81370?w=800', 1);
INSERT INTO `product_images` (`product_id`, `image_url`, `images_order`) VALUES (68, 'https://images.unsplash.com/photo-1517077304055-6e89abbf09b0?w=800', 2);
INSERT INTO `product_specifications` (`product_id`, `spec_key`, `spec_value`) VALUES (68, 'Cores', '12');
INSERT INTO `product_specifications` (`product_id`, `spec_key`, `spec_value`) VALUES (68, 'Threads', '32');
INSERT INTO `product_specifications` (`product_id`, `spec_key`, `spec_value`) VALUES (68, 'Base Clock', '4.0 GHz');
INSERT INTO `product_specifications` (`product_id`, `spec_key`, `spec_value`) VALUES (68, 'Boost Clock', '5.2 GHz');
INSERT INTO `product_specifications` (`product_id`, `spec_key`, `spec_value`) VALUES (68, 'Cache', '128MB');
INSERT INTO `inventories` (`id`, `active`, `available_quantity`, `created_at`, `currency`, `price`, `reserved_quantity`, `sold_quantity`, `updated_at`, `product_id`, `max_quantity_per_purchase`) VALUES (68, 1, '11.00', '2025-12-16 17:45:27', 'USD', '477.00', '0.00', '0.00', '2025-12-16 17:45:27', 68, '5.00');

INSERT INTO `products` (`id`, `brand`, `category_id`, `created_at`, `description`, `is_active`, `is_featured`, `model`, `name`, `sku`, `updated_at`, `average_rating`) VALUES (69, 'AMD', 4, '2025-12-16 17:45:27', 'The Ryzen 7 7800X3D (desktop) combines high-performance computing with energy efficiency, featuring AMD''s latest architecture. Perfect for gaming, content creation, and professional workloads.', 1, 0, '(desktop)', 'Ryzen 7 7800X3D (desktop)', 'AMD-DESK-069', '2025-12-16 17:45:27', NULL);
INSERT INTO `product_images` (`product_id`, `image_url`, `images_order`) VALUES (69, 'https://images.unsplash.com/photo-1517077304055-6e89abbf09b0?w=800', 0);
INSERT INTO `product_images` (`product_id`, `image_url`, `images_order`) VALUES (69, 'https://images.unsplash.com/photo-1608564697071-ddf911d81370?w=800', 1);
INSERT INTO `product_images` (`product_id`, `image_url`, `images_order`) VALUES (69, 'https://images.unsplash.com/photo-1593640408182-31c70c8268f5?w=800', 2);
INSERT INTO `product_specifications` (`product_id`, `spec_key`, `spec_value`) VALUES (69, 'Cores', '12');
INSERT INTO `product_specifications` (`product_id`, `spec_key`, `spec_value`) VALUES (69, 'Threads', '16');
INSERT INTO `product_specifications` (`product_id`, `spec_key`, `spec_value`) VALUES (69, 'Base Clock', '3.6 GHz');
INSERT INTO `product_specifications` (`product_id`, `spec_key`, `spec_value`) VALUES (69, 'Boost Clock', '5.0 GHz');
INSERT INTO `product_specifications` (`product_id`, `spec_key`, `spec_value`) VALUES (69, 'Cache', '96MB');
INSERT INTO `inventories` (`id`, `active`, `available_quantity`, `created_at`, `currency`, `price`, `reserved_quantity`, `sold_quantity`, `updated_at`, `product_id`, `max_quantity_per_purchase`) VALUES (69, 1, '21.00', '2025-12-16 17:45:27', 'USD', '425.00', '0.00', '1.00', '2025-12-16 17:45:27', 69, '5.00');